title,year
Caste,1930
Little Miss Nobody,1933
Get Your Man,1934
The Way of Youth,1934
Evensong,1934
Three Witnesses,1935
Brewster's Millions,1935
Birds of a Feather,1935
Adventure Ltd.,1935
Jubilee Window,1935
The Ace of Spades,1935
Department Store,1935
The Lad,1935
Tomorrow We Live,1936
Men Are Not Gods,1936
Jury's Evidence,1936
The Squeaker,1937
Farewell Again,1937
The Spy in Black,1939
Too Dangerous to Live,1939
The Man in the Iron Mask,1939
Three Silent Men,1940
The Flying Squad,1940
Laddie,1940
A Chump at Oxford,1940
The Howards of Virginia,1940
Vigil in the Night,1940
Women in War,1940
Fantasia,1940
Bulldog Sees It Through,1940
East of Piccadilly,1941
They Dare Not Love,1941
"H.M. Pulham, Esq.",1941
I Wanted Wings,1941
Calling Dr. Gillespie,1942
Pierre of the Plains,1942
"Hello, Annapolis",1942
The Impatient Years,1944
"Welcome, Mr. Washington",1944
I Live in Grosvenor Square,1945
State Fair,1945
Over 21,1945
Meet Sexton Blake!,1945
Journey Together,1945
The Killers,1946
Gaiety George,1946
The Time of Their Lives,1946
Without Reservations,1946
Piccadilly Incident,1946
Great Expectations,1946
Anna and the King of Siam,1946
I See a Dark Stranger,1946
Johnny O'Clock,1947
The Master of Bankdam,1947
Meet Me at Dawn,1947
Hungry Hill,1947
Captain Boycott,1947
Mourning Becomes Electra,1947
Odd Man Out,1947
Scott of the Antarctic,1948
Moonrise,1948
The Luck of the Irish,1948
A Woman's Vengeance,1948
If You Knew Susie,1948
Penny and the Pownall Case,1948
Saraband for Dead Lovers,1948
One Night with You,1948
Oliver Twist,1948
Corridor of Mirrors,1948
A Song for Tomorrow,1948
Hamlet,1948
The Tender Years,1948
The Snake Pit,1948
Esther Waters,1948
The Lady Gambles,1949
Landfall,1949
The History of Mr. Polly,1949
A Run for Your Money,1949
Obsession,1949
City Across the River,1949
The Glass Mountain,1949
Trottie True,1949
Take One False Step,1949
The Story of Seabiscuit,1949
That Forsyte Woman,1949
Give Us This Day,1949
Johnny Stool Pigeon,1949
Kind Hearts and Coronets,1949
Bara en mor,1949
Criss Cross,1949
Adam and Evelyne,1949
Tony Draws a Horse,1950
Last Holiday,1950
Prelude to Fame,1950
The Vicious Years,1950
The Mudlark,1950
Woman in Hiding,1950
Trio,1950
They Were Not Divided,1950
Your Witness,1950
Winchester '73,1950
Sierra,1950
Francis,1950
I Was a Shoplifter,1950
Kansas Raiders,1950
Lady Godiva Rides Again,1951
The House in the Square,1951
The Prince Who Was a Thief,1951
Hollywood Story,1951
Captain Horatio Hornblower R.N.,1951
Meet Danny Wilson,1951
The Man in the White Suit,1951
Valley of Eagles,1951
The Lavender Hill Mob,1951
Hold That Line,1952
No Room for the Groom,1952
Rose of Cimarron,1952
Son of Ali Baba,1952
Flesh and Fury,1952
The Card,1952
Babes in Bagdad,1952
Salute the Toff,1952
Moulin Rouge,1952
The Crimson Pirate,1952
Top Secret,1952
The Gentle Gunman,1952
"Time, Gentlemen, Please!",1952
Paul Temple Returns,1952
I Believe in You,1952
Houdini,1953
The Captain's Paradise,1953
Ingen mans kvinna,1953
Malta Story,1953
The Square Ring,1953
Forbidden,1953
"Albert, R.N.",1953
The Broken Horseshoe,1953
All American,1953
Innocents in Paris,1953
Laxdale Hall,1953
The Kidnappers,1953
Skid Kids,1953
Impulse,1954
The Green Scarf,1954
Aunt Clara,1954
Beautiful Stranger,1954
The Good Die Young,1954
Happy Ever After,1954
The Black Shield of Falworth,1954
Beachhead,1954
The Sea Shall Not Have Them,1954
Johnny Dark,1954
Father Brown,1954
Destination Milan,1954
Beau Brummell,1954
Trouble in the Glen,1954
The Divided Heart,1954
The Black Knight,1954
So This Is Paris,1954
The Prisoner,1955
The Square Jungle,1955
The Colditz Story,1955
The End of the Affair,1955
The Dam Busters,1955
Cast a Dark Shadow,1955
The Woman for Joe,1955
Geordie,1955
The Lyons in Paris,1955
Final Column,1955
Stolen Assignment,1955
One Way Out,1955
Children Galore,1955
A Kid for Two Farthings,1955
Six Bridges to Cross,1955
Police Dog,1955
The Dark Avenger,1955
Raising a Riot,1955
The Cockleshell Heroes,1955
The Night My Number Came Up,1955
Storm Over the Nile,1955
Track the Man Down,1955
The Rawhide Years,1955
The Purple Mask,1955
That Lady,1955
The Ladykillers,1955
To Paris with Love,1955
Alexander the Great,1956
It's Great to Be Young!,1956
The Last Man to Hang?,1956
Wicked as They Come,1956
Zarak,1956
The Iron Petticoat,1956
Private's Progress,1956
The Hostage,1956
Three Brave Men,1956
Port Afrique,1956
The Extra Day,1956
Trapeze,1956
Reach for the Sky,1956
Magic Fire,1956
The Battle of the River Plate,1956
Beyond Mombasa,1956
The Swan,1956
Port of Escape,1956
Doctor at Large,1957
A Dangerous Age,1957
These Dangerous Years,1957
The Traitor,1957
After the Ball,1957
Fortune Is a Woman,1957
The Passionate Stranger,1957
Yangtse Incident: The Story of H.M.S. Amethyst,1957
Witness for the Prosecution,1957
Time Without Pity,1957
Face in the Night,1957
The True Story of Jesse James,1957
The Truth About Women,1957
Det sjunde inseglet,1957
The One That Got Away,1957
The Admirable Crichton,1957
Mister Cory,1957
Seven Waves Away,1957
The Midnight Story,1957
Ill Met by Moonlight,1957
Barnacle Bill,1957
The Bridge on the River Kwai,1957
Sweet Smell of Success,1957
The Man in the Sky,1957
A King in New York,1957
Bitter Victory,1957
Not Wanted on Voyage,1957
Manuela,1957
The Spaniard's Curse,1958
Violent Playground,1958
A Tale of Two Cities,1958
Kings Go Forth,1958
Dunkirk,1958
The Sheriff of Fractured Jaw,1958
Wonderful Things!,1958
Battle of the V-1,1958
Gideon's Day,1958
Ansiktet,1958
A Night to Remember,1958
Spion 503,1958
La morte viene dallo spazio,1958
The Bravados,1958
Flaming Frontier,1958
The Perfect Furlough,1958
The Vikings,1958
The Geisha Boy,1958
Floods of Fear,1958
Son of Robin Hood,1958
Rooney,1958
The Camp on Blood Island,1958
The Defiant Ones,1958
The Horse's Mouth,1958
Our Man in Havana,1959
The Mouse That Roared,1959
Some Like It Hot,1959
The Bridal Path,1959
Blind Date,1959
The Cat Gang,1959
Man Accused,1959
John Paul Jones,1959
Jet Storm,1959
The Last Angry Man,1959
The Treasure of San Teresa,1959
Operation Petticoat,1959
Carry on Teacher,1959
Whirlpool,1959
The Scapegoat,1959
Idol on Parade,1959
Who Was That Lady?,1960
Suspect,1960
Man in the Moon,1960
Beat Girl,1960
A French Mistress,1960
Two Way Stretch,1960
Cone of Silence,1960
Depth Charge,1960
Spartacus,1960
Caught in the Net,1960
Too Hot to Handle,1960
Piccadilly Third Stop,1960
The Young Jacobites,1960
The Shakedown,1960
Pepe,1960
The Bulldog Breed,1960
The Challenge,1960
Tunes of Glory,1960
The Rat Race,1960
Jackpot,1960
Crossroads to Crime,1960
Sword of Sherwood Forest,1960
Das Geheimnis der gelben Narzissen,1961
The Mark,1961
Johnny Nobody,1961
The Green Helmet,1961
One Plus One,1961
The Breaking Point,1961
On the Fiddle,1961
Don't Bother to Knock,1961
Dentist on the Job,1961
Cash on Demand,1961
Fury at Smugglers' Bay,1961
The Frightened City,1961
Three on a Spree,1961
The Hellfire Club,1961
Carry on Regardless,1961
The Naked Edge,1961
Two Letter Alibi,1961
Everything's Ducky,1961
What a Whopper,1961
A Majority of One,1961
The Outsider,1961
Girl on Approval,1961
Spare the Rod,1961
Raising the Wind,1961
The Sinister Man,1961
The Great Impostor,1961
The Terror of the Tongs,1961
The Counterfeit Traitor,1962
Sherlock Holmes und das Halsband des Todes,1962
The Pirates of Blood River,1962
Nils Holgerssons underbara resa,1962
I Thank a Fool,1962
A Kind of Loving,1962
Play It Cool,1962
Band of Thieves,1962
The Devil's Agent,1962
Crooks Anonymous,1962
Locker 69,1962
Mutiny on the Bounty,1962
The Password Is Courage,1962
The War Lover,1962
On the Beat,1962
The Boys,1962
Billy Budd,1962
Term of Trial,1962
Two and Two Make Six,1962
Lawrence of Arabia,1962
The Loneliness of the Long Distance Runner,1962
Night of the Prowler,1962
The Road to Hong Kong,1962
The Fast Lady,1962
Lolita,1962
The Dock Brief,1962
The Girl on the Boat,1962
Taras Bulba,1962
The L-Shaped Room,1962
40 Pounds of Trouble,1962
H.M.S. Defiant,1962
The Three Stooges in Orbit,1962
The Pot Carriers,1962
A Stitch in Time,1963
Live It Up!,1963
Ladies Who Do,1963
The Victors,1963
Jason and the Argonauts,1963
From Russia with Love,1963
Girl in the Headlines,1963
Carry On Jack,1963
Doomsday at Eleven,1963
The List of Adrian Messenger,1963
"Captain Newman, M.D.",1963
The Wrong Arm of the Law,1963
The Partner,1963
The Cracksman,1963
The Running Man,1963
Siege of the Saxons,1963
Murder at the Gallop,1963
The Punch and Judy Man,1963
Heavens Above!,1963
The Small World of Sammy Lee,1963
The Mouse on the Moon,1963
I Could Go on Singing,1963
Lunch Hour,1963
Dr. Crippen,1963
The Man Who Finally Died,1963
Tom Jones,1963
Bitter Harvest,1963
Summer Holiday,1963
The Comedy Man,1964
Sex and the Single Girl,1964
The Beauty Jungle,1964
Carry on Cleo,1964
The Sicilians,1964
Paris - When It Sizzles,1964
Daylight Robbery,1964
Goodbye Charlie,1964
Rattle of a Simple Man,1964
The Devil-Ship Pirates,1964
The Bargee,1964
Wild and Wonderful,1964
Seventy Deadly Pills,1964
Goldfinger,1964
633 Squadron,1964
Nothing But the Best,1964
Man in the Middle,1964
Mary Poppins,1964
Girl with Green Eyes,1964
A Hard Day's Night,1964
Becket,1964
Dr. Strangelove or: How I Learned to Stop Worrying and Love the Bomb,1964
For Those Who Think Young,1964
Murder Most Foul,1964
Hide and Seek,1964
Stopover Forever,1964
Father Came Too!,1964
The Fall of the Roman Empire,1964
Catch Us If You Can,1965
The Reward,1965
Thunderball,1965
Three Hats for Lisa,1965
Carry on Cowboy,1965
Mr. Brown Comes Down the Hill,1965
The Secret of Blood Island,1965
The Alphabet Murders,1965
Dr. Who and the Daleks,1965
A Rage to Live,1965
The Great Race,1965
The Heroes of Telemark,1965
The Liquidator,1965
Ten Little Indians,1965
Bunny Lake Is Missing,1965
The Big Job,1965
"Boeing, Boeing",1965
The Slender Thread,1965
She,1965
The Greatest Story Ever Told,1965
A Study in Terror,1965
The Collector,1965
Operation Crossbow,1965
It Happened Here,1965
Joey Boy,1965
I've Gotta Horse,1965
The Face of Fu Manchu,1965
The Pleasure Girls,1965
The Bedford Incident,1965
Rotten to the Core,1965
Licensed to Kill,1965
Von Ryan's Express,1965
Situation Hopeless... But Not Serious,1965
Strangler's Web,1965
Dateline Diamonds,1965
You Must Be Joking!,1965
Nightmare in the Sun,1965
Doctor Zhivago,1965
The Wrong Box,1966
Carry On... Don't Lose Your Head,1966
They're a Weird Mob,1966
The Trouble with Angels,1966
Thunderbirds Are GO,1966
Press for Time,1966
Dead Heat on a Merry-Go-Round,1966
The Idol,1966
Daleks' Invasion Earth 2150 A.D.,1966
Blowup,1966
Finders Keepers,1966
Death Is a Woman,1966
Hotel Paradiso,1966
That Riviera Touch,1966
Hawaii,1966
I Was Happy Here,1966
Secrets of a Windmill Girl,1966
The Trygon Factor,1966
Kaleidoscope,1966
You're a Big Boy Now,1966
The Spy with a Cold Nose,1966
The Christmas Tree,1966
The Brides of Fu Manchu,1966
The Boy Cried Murder,1966
A Fine Madness,1966
Morgan: A Suitable Case for Treatment,1966
The Great St. Trinian's Train Robbery,1966
"Not with My Wife, You Don't!",1966
Modesty Blaise,1966
Drop Dead Darling,1966
The Quiller Memorandum,1966
A Time for Killing,1967
A Countess from Hong Kong,1967
Carry on Doctor,1967
Casino Royale,1967
A Challenge for Robin Hood,1967
Billion Dollar Brain,1967
The Mini-Affair,1967
I'll Never Forget What's'isname,1967
You Only Live Twice,1967
The Magnificent Two,1967
Carry On... Follow That Camel,1967
Col cuore in gola,1967
Five Golden Dragons,1967
Fathom,1967
Herostratus,1967
The Dirty Dozen,1967
The Night of the Generals,1967
A Guide for the Married Man,1967
How I Won the War,1967
Smashing Time,1967
The Jokers,1967
The Comedians,1967
Stranger in the House,1967
Mister Ten Per Cent,1967
Robbery,1967
Far from the Madding Crowd,1967
Don't Make Waves,1967
Bomba u 10 i 10,1967
Marat/Sade,1967
Charlie Bubbles,1967
The Long Duel,1967
Warning Shot,1967
Point Blank,1967
The Sky Bike,1967
The Double Man,1967
Some May Live,1967
The Karate Killers,1967
Poor Cow,1967
Luv,1967
Salt and Pepper,1968
Star!,1968
2001: A Space Odyssey,1968
"Mrs. Brown, You've Got a Lovely Daughter",1968
Hammerhead,1968
Hostile Witness,1968
Planet of the Apes,1968
Submarine X-1,1968
Inadmissible Evidence,1968
A Midsummer Night's Dream,1968
Operation Cross Eagles,1968
The Anniversary,1968
Oliver!,1968
Chitty Chitty Bang Bang,1968
The Boston Strangler,1968
Only When I Larf,1968
Journey to Shiloh,1968
The Magus,1968
The Bliss of Mrs. Blossom,1968
"Yours, Mine and Ours",1968
Blue,1968
Svarta palmkronor,1968
The Blood of Fu Manchu,1968
Skammen,1968
Teorema,1968
The Face of Eve,1968
Where Eagles Dare,1968
The Charge of the Light Brigade,1968
Attack on the Iron Coast,1968
The Vengeance of She,1968
The Shoes of the Fisherman,1968
Thunderbird 6,1968
Italian Secret Service,1968
Up the Junction,1968
Carry On... Up the Khyber,1968
Nobody Runs Forever,1968
"Don't Raise the Bridge, Lower the River",1968
Till Death Us Do Part,1968
The Fiction-Makers,1968
Bullitt,1968
Oh! What a Lovely War,1969
Carry on Camping,1969
En passion,1969
Alfred the Great,1969
Justine,1969
Carry on Again Doctor,1969
The Desperados,1969
Where's Jack?,1969
Moon Zero Two,1969
The Adding Machine,1969
On Her Majesty's Secret Service,1969
Play Dirty,1969
Two Thousand Weeks,1969
All Neat in Black Stockings,1969
A Touch of Love,1969
The April Fools,1969
Anne of the Thousand Days,1969
Hamlet,1969
Battle of Britain,1969
Color Me Dead,1969
Can Heironymus Merkin Ever Forget Mercy Humppe and Find True Happiness?,1969
Some Girls Do,1969
Otley,1969
"They Shoot Horses, Don't They?",1969
Staircase,1969
The Last Shot You Hear,1969
"Hail, Hero!",1969
The Magic Christian,1969
The Assassination Bureau,1969
Marlowe,1969
Two Gentlemen Sharing,1969
Made in Sweden,1969
Monte Carlo or Bust!,1969
Sinful Davey,1969
Guns in the Heather,1969
Crossplot,1969
Las leandras,1969
"Goodbye, Mr. Chips",1969
Land Raiders,1969
Pufnstuf,1970
The Private Life of Sherlock Holmes,1970
The Virgin and the Gypsy,1970
The Out of Towners,1970
The Cheyenne Social Club,1970
The Kremlin Letter,1970
All the Way Up,1970
Hoffman,1970
The Reckoning,1970
Cromwell,1970
The Molly Maguires,1970
Love Me Like I Do,1970
Wuthering Heights,1970
When Dinosaurs Ruled the Earth,1970
Zabriskie Point,1970
Ned Kelly,1970
One More Time,1970
Husbands,1970
Country Dance,1970
The Breaking of Bumbo,1970
Three Sisters,1970
Carry on Up the Jungle,1970
Getting Straight,1970
Figures in a Landscape,1970
The Great White Hope,1970
The Revolutionary,1970
The Rise and Rise of Michael Rimmer,1970
Suppose They Gave a War and Nobody Came?,1970
The Music Lovers,1970
Hell Boats,1970
Twinky,1970
You Can't Win 'Em All,1970
Performance,1970
A Severed Head,1970
The Last Grenade,1970
MASH,1970
Connecting Rooms,1970
Scrooge,1970
Togetherness,1970
Julius Caesar,1970
Tropic of Cancer,1970
The McKenzie Break,1970
I Can't... I Can't,1970
End of the Road,1970
"Some Will, Some Won't",1970
The Mind of Mr. Soames,1970
The Games,1970
The Buttercup Chain,1970
The Raging Moon,1971
Diamonds Are Forever,1971
The Last Valley,1971
Utvandrarna,1971
The Devils,1971
The Todd Killings,1971
See No Evil,1971
Kidnapped,1971
"Mary, Queen of Scots",1971
THX 1138,1971
Quest for Love,1971
Valdez Is Coming,1971
A Clockwork Orange,1971
Carry on at Your Convenience,1971
Una stagione all'inferno,1971
Games That Lovers Play,1971
Stork,1971
Boulevard du Rhum,1971
On the Run,1971
The Trojan Women,1971
Sunday Bloody Sunday,1971
Nicholas and Alexandra,1971
Una lucertola con la pelle di donna,1971
Harold and Maude,1971
Skin Game,1971
Willy Wonka & the Chocolate Factory,1971
Up Pompeii,1971
And Now for Something Completely Different,1971
Fiddler on the Roof,1971
Mr. Forbush and the Penguins,1971
Dad's Army,1971
Some of My Best Friends Are,1971
Carry on Henry,1971
Murphy's War,1971
Puppet on a Chain,1971
Percy,1971
On the Buses,1971
Family Life,1971
When Eight Bells Toll,1971
Wake in Fright,1971
Say Hello to Yesterday,1971
Welcome to the Club,1971
Hannie Caulder,1971
Villain,1971
Frenzy,1972
Up the Chastity Belt,1972
The Triple Echo,1972
The Final Comedown,1972
The Fast Kill,1972
Go for a Take,1972
The Ruling Class,1972
Together for Days,1972
Man of La Mancha,1972
Hammersmith Is Out,1972
Rangi's Catch,1972
Young Winston,1972
The Candidate,1972
Mutiny on the Buses,1972
The Amazing Mr. Blunden,1972
Ooh... You Are Awful,1972
The Alf Garnett Saga,1972
Pope Joan,1972
The Ragman's Daughter,1972
Savage Messiah,1972
The Magnificent Seven Ride!,1972
The Godfather,1972
Embassy,1972
Straight on Till Morning,1972
Escape to the Sun,1972
Steptoe and Son,1972
Avanti!,1972
Henry VIII and His Six Wives,1972
Every Little Crook and Nanny,1972
Adult Fun,1972
They Only Kill Their Masters,1972
Bless This House,1972
Carry on Abroad,1972
"Fratello sole, sorella luna",1972
All Coppers Are...,1972
One Is a Lonely Number,1972
Carry on Matron,1972
Some Kind of Hero,1972
Doomwatch,1972
Under Milk Wood,1972
The Adventures of Barry McKenzie,1972
The Darwin Adventure,1972
Nybyggarna,1972
Lady Sings the Blues,1972
The Cremators,1972
Universal Soldier,1972
Antony and Cleopatra,1972
Lady Caroline Lamb,1972
The Man,1972
The Pied Piper,1972
Steptoe and Son Ride Again,1973
The Roommates,1973
Scalawag,1973
Hitler: The Last Ten Days,1973
White Lightning,1973
The Optimists of Nine Elms,1973
Big Zapper,1973
White Cargo,1973
Little Cigars,1973
"Digby, the Biggest Dog in the World",1973
England Made Me,1973
The MacKintosh Man,1973
The 14,1973
Ghost in the Noonday Sun,1973
Carry on Girls,1973
Black Snake,1973
Never Mind the Quality: Feel the Width,1973
The Last Detail,1973
The Best Pair of Legs in the Business,1973
A Doll's House,1973
Bizarre Devices,1973
Alvin Purple,1973
Love Thy Neighbour,1973
American Graffiti,1973
Live and Let Die,1973
Dimboola: The Stage Play,1973
Steelyard Blues,1973
Holiday on the Buses,1973
O Lucky Man!,1973
Hit!,1973
Scorpio,1973
The Three Musketeers,1973
No Sex Please: We're British,1973
The Sex Thief,1973
The Offence,1973
The Paper Chase,1973
The Godfather: Part II,1974
The Little Prince,1974
Young Frankenstein,1974
"Keep It Up, Jack",1974
The Black Windmill,1974
London Conspiracy,1974
The Second Coming of Suzanne,1974
Claudine,1974
Alice Doesn't Live Here Anymore,1974
S*P*Y*S,1974
Moving On,1974
Mission: Monte Carlo,1974
Shatter,1974
The Island at the Top of the World,1974
Steppenwolf,1974
The Best of Benny Hill,1974
Freebie and the Bean,1974
Only God Knows,1974
The Tamarind Seed,1974
The Four Musketeers,1974
The Man with the Golden Gun,1974
Klansman,1974
Alvin Rides Again,1974
On the Game,1974
The Take,1974
The Conversation,1974
Butley,1974
Carry on Dick,1974
Stardust,1974
The Cherry Picker,1974
Luther,1974
Space Is the Place,1974
The Great Gatsby,1974
Can You Keep It Up for a Week?,1974
Juggernaut,1974
Who?,1974
Mahler,1974
"Soft Beds, Hard Battles",1974
Dead Cert,1974
Callan,1974
Petersen,1974
The Swordsman,1974
The Internecine Project,1974
Overlord,1975
The Hiding Place,1975
Three Days of the Condor,1975
Scobie Malone,1975
Sunday Too Far Away,1975
The Rocky Horror Picture Show,1975
The Ultimate Warrior,1975
Conduct Unbecoming,1975
Love and Death,1975
Diagnosis: Murder,1975
The Sexplorer,1975
The 'Human' Factor,1975
"Le boucher, la star et l'orpheline",1975
The Return of the Pink Panther,1975
The Old Curiosity Shop,1975
It Seemed Like a Good Idea at the Time,1975
Shampoo,1975
Carry on Behind,1975
Deadly Hero,1975
The Black Bird,1975
The Grizzly & the Treasure,1975
"King Arthur, the Young Warlord",1975
Confessions of a Pop Performer,1975
Lisztomania,1975
The Firm Man,1975
Royal Flash,1975
Hennessy,1975
Eskimo Nell,1975
Flame,1975
The World Through the Eyes of Children,1975
Alfie Darling,1975
Galileo,1975
The Adventure of Sherlock Holmes' Smarter Brother,1975
Brannigan,1975
Divina creatura,1975
The Romantic Englishwoman,1975
Trompe l'oeil,1975
Hu-Man,1975
Lepke,1975
Hustle,1975
The Great MacArthy,1975
Mr. Ricco,1975
Bucktown,1975
Linda Lovelace for President,1975
Mahogany,1975
One of Our Dinosaurs Is Missing,1975
Tommy,1975
That Lady from Peking,1975
Giliap,1975
Rollerball,1975
Sporting Chance,1975
Erotic Inferno,1975
The Message,1976
The Zebra Force,1976
The Last Tycoon,1976
The Bawdy Adventures of Tom Jones,1976
The Deadly Females,1976
Adventures of a Taxi Driver,1976
The Pink Panther Strikes Again,1976
Fury of the Dragon,1976
Murder by Death,1976
Moving Violation,1976
Marathon Man,1976
The Slipper and the Rose: The Story of Cinderella,1976
The Enforcer,1976
Escape from the Dark,1976
Voyage of the Damned,1976
The Seven-Per-Cent Solution,1976
Il deserto dei tartari,1976
Swashbuckler,1976
The Bingo Long Traveling All-Stars & Motor Kings,1976
The Likely Lads,1976
The Eagle Has Landed,1976
Foxtrot,1976
The River Niger,1976
Killer Force,1976
Cuore di cane,1976
The Student Body,1976
Black Samurai,1976
Intimate Games,1976
Emily,1976
Silver Streak,1976
Confessions of a Driving Instructor,1976
At the Earth's Core,1976
Mastermind,1976
Don's Party,1976
Mad Dog Morgan,1976
Oz,1976
Cadaveri eccellenti,1976
Secrets of a Superstud,1976
Eliza Fraser,1976
Caddie,1976
The Ritz,1976
Carry on England,1976
The Big Bus,1976
Let the Balloon Go,1976
The Gumball Rally,1976
Trial by Combat,1976
The Brute,1977
Sinbad and the Eye of the Tiger,1977
Blind Man's Bluff,1977
"Stand Up, Virgin Soldiers",1977
March or Die,1977
The Greatest,1977
Casanova & Co.,1977
Candleshoe,1977
Sleeping Dogs,1977
A Bridge Too Far,1977
Wizards,1977
Heroes,1977
Airport '77,1977
Wild Man,1977
The Last Remake of Beau Geste,1977
The People That Time Forgot,1977
Die Standarte,1977
A Piece of the Action,1977
Valentino,1977
The Stick Up,1977
Sweeney!,1977
Nasty Habits,1977
Jabberwocky,1977
The Spy Who Loved Me,1977
Adventures of a Private Eye,1977
The Strange Case of the End of Civilization as We Know It,1977
Julia,1977
Are You Being Served?,1977
Confessions from a Holiday Camp,1977
The Prince and the Pauper,1977
Starship Invasions,1977
Silver Bears,1977
Providence,1977
Twilight's Last Gleaming,1977
The Glitterball,1977
Warlords of Atlantis,1978
The First Great Train Robbery,1978
Wombling Free,1978
Newsfront,1978
Adventures of a Plumber's Mate,1978
Return from Witch Mountain,1978
Sextette,1978
Pilgrim's Progress,1978
Bruges-La-Morte,1978
Matilda,1978
The Lord of the Rings,1978
The Bad News Bears Go to Japan,1978
Brass Target,1978
The Chant of Jimmie Blacksmith,1978
Weekend of Shadows,1978
The Big Sleep,1978
Death on the Nile,1978
Rupan sansei,1978
Corvette Summer,1978
Carry on Emmannuelle,1978
Force 10 from Navarone,1978
The Peregrine Hunters,1978
Sgt. Pepper's Lonely Hearts Club Band,1978
Jubilee,1978
The Wild Geese,1978
International Velvet,1978
Circle of Iron,1978
Revenge of the Pink Panther,1978
Rosie Dixon - Night Nurse,1978
Let's Get Laid,1978
The King of the Two Day Wonder,1978
A Hitch in Time,1978
Loose Shoes,1978
Caravans,1978
The Thirty-Nine Steps,1978
Sweeney 2,1978
Who Is Killing the Great Chefs of Europe?,1978
Superman,1978
Black Jack,1979
Title Shot,1979
The Golden Lady,1979
More American Graffiti,1979
The Great Riviera Bank Robbery,1979
Jaguar Lives!,1979
The Little Convict,1979
The Muppet Movie,1979
Arabian Adventure,1979
The Music Machine,1979
Confessions from the David Galaxy Affair,1979
1941,1979
Son of Hitler,1979
Nutcracker Fantasy,1979
Scum,1979
Yanks,1979
Porridge,1979
Squeeze Play,1979
The Frisco Kid,1979
Mr. Mike's Mondo Video,1979
That Sinking Feeling,1979
Moonraker,1979
The Passage,1979
The Bitch,1979
Cuba,1979
Christiana,1979
Bear Island,1979
Yesterday's Hero,1979
Bloodline,1979
Buck Rogers in the 25th Century,1979
Players,1979
Murder by Decree,1979
Hanover Street,1979
Escape to Athena,1979
The Riddle of the Sands,1979
City on Fire,1979
The Tempest,1979
The Journalist,1979
Linus eller Tegelhusets hemlighet,1979
Life of Brian,1979
Kostas,1979
Amo non amo,1979
The Odd Angry Shot,1979
A Touch of the Sun,1979
The London Connection,1979
The Spaceman and King Arthur,1979
Bugie bianche,1979
Agatha,1979
Meetings with Remarkable Men,1979
Dimboola,1979
Hurricane,1979
Hair,1979
Apocalypse Now,1979
The Promise,1979
A Nightingale Sang in Berkeley Square,1979
Licensed to Love and Kill,1979
The Lady Vanishes,1979
Quadrophenia,1979
Middle Age Spread,1979
Birth of the Beatles,1979
The Prisoner of Zenda,1979
The Long Good Friday,1980
Superman II,1980
The Private Eyes,1980
Breaking Glass,1980
Die Laughing,1980
Silver Dream Racer,1980
George and Mildred,1980
Rising Damp,1980
McVicar,1980
The Happy Hooker Goes Hollywood,1980
Serial,1980
Airplane!,1980
Why Would I Lie?,1980
The Apple,1980
Sitting Ducks,1980
It Rained All Night the Day I Left,1980
La mort en direct,1980
Nothing Personal,1980
The Great Rock 'n' Roll Swindle,1980
Nutcase,1980
Goodbye Pork Pie,1980
"Atlantic City, USA",1980
Little Miss Marker,1980
The Shillingbury Blowers,1980
The Wildcats of St. Trinian's,1980
The Dogs of War,1980
Flash Gordon,1980
Hussy,1980
'Breaker' Morant,1980
"Bon Voyage, Charlie Brown (and Don't Come Back!!)",1980
Bad Timing,1980
Foxes,1980
Raise the Titanic,1980
The Club,1980
The Exterminator,1980
Sir Henry at Rawlinson End,1980
The Earthling,1980
The Blues Brothers,1980
The Big Red One,1980
The Elephant Man,1980
Rough Cut,1980
Fame,1980
North Sea Hijack,1980
Richard's Things,1980
The Mirror Crack'd,1980
Hawk the Slayer,1980
Nighthawks,1981
"Run Rebecca, Run!",1981
Dirty Tricks,1981
She Dances Alone,1981
Eye of the Needle,1981
The Hot Touch,1981
Outland,1981
Clash of the Titans,1981
The French Lieutenant's Woman,1981
The Great Muppet Caper,1981
Bad Blood,1981
History of the World: Part I,1981
Dragonslayer,1981
Reds,1981
Riding High,1981
If You Go Down in the Woods Today,1981
Shock Treatment,1981
Ik ben Joep Meloen,1981
Burning an Illusion,1981
The Pursuit of D.B. Cooper,1981
Excalibur,1981
Mad Max 2,1981
Pacific Banana,1981
Doctors & Nurses,1981
Victory,1981
4D Special Agents,1981
Chariots of Fire,1981
The Bushido Blade,1981
Chu Chu and the Philly Flash,1981
Green Ice,1981
Asalto al casino,1981
Time Bandits,1981
Street Music,1981
The Night the Lights Went Out in Georgia,1981
Raiders of the Lost Ark,1981
Under the Rainbow,1981
Loophole,1981
Sphinx,1981
Frohes Fest,1981
Priest of Love,1981
The Guns and the Fury,1981
Memoirs of a Survivor,1981
Getting Even,1981
Smokey Bites the Dust,1981
An Eye for an Eye,1981
Tuppen,1981
Prince of the City,1981
Nice Dreams,1981
Zorro: The Gay Blade,1981
For Your Eyes Only,1981
Lady Chatterley's Lover,1981
Desperate Moves,1981
The Salamander,1981
Beyond Reasonable Doubt,1981
Ragtime,1981
Blade Runner,1982
Britannia Hospital,1982
Morte in Vaticano,1982
Trail of the Pink Panther,1982
If You Could See What I Hear,1982
Night Shift,1982
Carry Me Back,1982
E.T. the Extra-Terrestrial,1982
The Return of the Soldier,1982
Safari 3000,1982
The Dark Crystal,1982
Evil Under the Sun,1982
The Missionary,1982
Annie,1982
Remembrance,1982
Gandhi,1982
Conan the Barbarian,1982
Victor Victoria,1982
The Best of Friends,1982
Lonely Hearts,1982
Shoot the Moon,1982
A Dangerous Summer,1982
Fanny och Alexander,1982
Friend or Foe,1982
The Man from Snowy River,1982
Pink Floyd: The Wall,1982
Out,1982
The Last Unicorn,1982
"Ladies and Gentlemen, the Fabulous Stains",1982
Jugando con la muerte,1982
Who Dares Wins,1982
The Draughtsman's Contract,1982
Otelo (Comando negro),1982
Rocky III,1982
Jekyll and Hyde... Together Again,1982
Penitentiary II,1982
Giro City,1982
Firefox,1982
Doll's Eye,1982
BrainWaves,1982
Warlords of the 21st Century,1982
The Right Stuff,1983
The Meaning of Life,1983
Merry Christmas Mr. Lawrence,1983
Balboa,1983
Local Hero,1983
Bush Christmas,1983
The Ploughman's Lunch,1983
Double Deal,1983
Never Say Never Again,1983
Sudden Impact,1983
To Be or Not to Be,1983
Marvin & Tige,1983
The Survivors,1983
Educating Rita,1983
Self Defense,1983
The Return of Captain Invincible,1983
Curse of the Pink Panther,1983
Gorky Park,1983
Smorgasbord,1983
Trading Places,1983
The Sting II,1983
Molly,1983
Fords on Water,1983
Going Down,1983
Ascendancy,1983
The Lonely Lady,1983
High Road to China,1983
Stangata napoletana,1983
The Wicked Lady,1983
Fanny Hill,1983
Krull,1983
Nate and Hayes,1983
Heat and Dust,1983
Superman III,1983
Midnite Spares,1983
Yentl,1983
The Outsiders,1983
Rumble Fish,1983
Eddie and the Cruisers,1983
Octopussy,1983
Bullshot,1983
Buddies,1983
A Flame to the Phoenix,1983
The Adventures of Bob & Doug McKenzie: Strange Brew,1983
Le cercle des passions,1983
Lovesick,1983
Privates on Parade,1983
Lone Wolf McQuade,1983
The Lords of Discipline,1983
The Dresser,1983
Something Wicked This Way Comes,1983
The Black Stallion Returns,1983
G,1983
Once Upon a Time in America,1984
Lassiter,1984
Detenute violente,1984
The Rosebud Beach Hotel,1984
My First Wife,1984
Oxford Blues,1984
Die unendliche Geschichte,1984
Tank,1984
Fear City,1984
Fast Talking,1984
Crackers,1984
Supergirl,1984
Kaze no tani no Naushika,1984
Pallet on the Floor,1984
The Young Visiters,1984
City Limits,1984
Bedroom Eyes,1984
Best Revenge,1984
The Soldier's Tale,1984
Amadeus,1984
Garbo Talks,1984
Flashpoint,1984
Teachers,1984
Meatballs Part II,1984
Where Is Parsifal?,1984
The Hit,1984
Protocol,1984
Give My Regards to Broad Street,1984
Dune,1984
Indiana Jones and the Temple of Doom,1984
Moord in extase,1984
No Small Affair,1984
Massive Retaliation,1984
Starship,1984
Utu,1984
The Bengal Lancers!,1984
Return to Waterloo,1984
The Ice Pirates,1984
Top Secret!,1984
The Muppets Take Manhattan,1984
The Cotton Club,1984
"Oh, God! You Devil",1984
Champions,1984
Electric Dreams,1984
The Razor's Edge,1984
A Passage to India,1984
Other Halves,1984
Melvin: Son of Alvin,1984
The Bounty,1984
The Chain,1984
Nemo,1984
Reflections,1984
The Killing Edge,1984
This Is Spinal Tap,1984
Sword of the Valiant: The Legend of Sir Gawain and the Green Knight,1984
Nineteen Eighty-Four,1984
Hai tan,1984
"Greystoke: The Legend of Tarzan, Lord of the Apes",1984
Body Double,1984
Thief of Hearts,1984
Perverse oltre le sbarre,1984
The Red Fury,1984
The Man with One Red Shoe,1985
Death Wish 3,1985
Il pentito,1985
The Falcon and the Snowman,1985
A Different Kind of Love,1985
Doin' Time,1985
Out of Africa,1985
Spies Like Us,1985
Mask,1985
Turtle Diary,1985
The Good Father,1985
Lamb,1985
Enemy Mine,1985
Claudia,1985
Follow That Bird,1985
Mad Max Beyond Thunderdome,1985
Insignificance,1985
Loose Connections,1985
Mr. Love,1985
The Innocent,1985
Young Sherlock Holmes,1985
American Drive-In,1985
Water,1985
Morons from Outer Space,1985
The Journey of Natty Gann,1985
Witness,1985
Code Name: Emerald,1985
Savage Dawn,1985
Brazil,1985
Legend,1985
Smooth Talk,1985
Dance with a Stranger,1985
A View to a Kill,1985
Burke & Wills,1985
Bootleg,1985
King David,1985
Restless Natives,1985
Revolution,1985
The Holcroft Covenant,1985
Red Sonja,1985
Dreamchild,1985
White Nights,1985
Warming Up,1985
Baby: Secret of the Lost Legend,1985
Out of the Darkness,1985
Flesh+Blood,1985
Zina,1985
Rustlers' Rhapsody,1985
Weird Science,1985
Santa Claus: The Movie,1985
Invitation to the Wedding,1985
Lei sa Gu Su,1985
Plenty,1985
Lust in the Dust,1985
Harem,1985
The Men's Club,1986
Caravaggio,1986
Sky Bandits,1986
Running Scared,1986
Mona Lisa,1986
Hollywood Zap,1986
Labyrinth,1986
Soul Man,1986
Car Trouble,1986
My Little Girl,1986
Highlander,1986
Blue Velvet,1986
Tai-Pan,1986
Stand by Me,1986
Max mon amour,1986
Jocks,1986
The Mosquito Coast,1986
Sid and Nancy,1986
The American Way,1986
Absolute Beginners,1986
Biggles,1986
The Transformers: The Movie,1986
Club Life,1986
Flight of the Navigator,1986
Zischke,1986
The Mission,1986
Hud,1986
Little Shop of Horrors,1986
Banter,1986
Hannah and Her Sisters,1986
Haunted Honeymoon,1986
Aliens,1986
Howard the Duck,1986
The Big Hurt,1986
The End of the World Man,1986
Zhong hua ying xiong,1986
Every Time We Say Goodbye,1986
Yue Yue,1986
Jenny Kissed Me,1986
Weekend Warriors,1986
Hollywood Vice Squad,1986
Crossroads,1986
Lady Jane,1986
Legal Eagles,1986
Half Moon Street,1986
Castaway,1986
Valhalla,1986
Firewalker,1986
Clockwise,1986
Defence of the Realm,1986
Whoops Apocalypse,1986
Last Resort,1986
The Whistle Blower,1986
Duet for One,1986
Allan Quatermain and the Lost City of Gold,1986
Oviri,1986
Comrades,1986
Short Circuit,1986
Peggy Sue Got Married,1986
Ground Zero,1987
Snow White,1987
The Second Victory,1987
Da xue sheng yi shi,1987
High Tide,1987
Wish You Were Here,1987
Mio min Mio,1987
Echoes of Paradise,1987
Little Dorrit,1987
Anna,1987
Hearts of Fire,1987
Cry Freedom,1987
Full Metal Jacket,1987
Playing Away,1987
The Sicilian,1987
Ping Pong,1987
Australian Dream,1987
Bachelor Girl,1987
The Edge of Power,1987
The Fourth Protocol,1987
Wall Street,1987
Suspect,1987
Bullseye,1987
Hotshot,1987
"Slate, Wyn & Me",1987
Harry and the Hendersons,1987
Empire of the Sun,1987
The Dead,1987
Bellman and True,1987
Three Kinds of Heat,1987
Valet Girls,1987
The Time Guardian,1987
The Princess Bride,1987
Hidden City,1987
Deadly Illusion,1987
Magic Sticks,1987
Spaceballs,1987
The Year My Voice Broke,1987
Murder Rap,1987
High Season,1987
Withnail & I,1987
Sleeping Beauty,1987
Rumpelstiltskin,1987
Rolling Vengeance,1987
Steele Justice,1987
The Living Daylights,1987
Prick Up Your Ears,1987
Nowhere to Hide,1987
Pelle erobreren,1987
Superman IV: The Quest for Peace,1987
Gardens of Stone,1987
Personal Services,1987
A Prayer for the Dying,1987
Heat and Sunlight,1987
P.K. and the Kid,1987
Those Dear Departed,1987
Number One with a Bullet,1987
Hope and Glory,1987
Eat the Rich,1987
Gentry,1987
Empire State,1987
The Girl,1987
Matewan,1987
The Garbage Pail Kids Movie,1987
Pinocchio and the Emperor of the Night,1987
The Emperor's New Clothes,1987
Love Potion,1987
Sweet Lies,1987
Going Bananas,1987
Surrender,1987
Manifesto,1988
Appointment with Death,1988
The Adventures of Baron Munchausen,1988
Crusoe,1988
Blanc de Chine,1988
Madame Sousatzka,1988
Der Passagier - Welcome to Germany,1988
A Fish Called Wanda,1988
Never Say Die,1988
The Navigator: A Medieval Odyssey,1988
School Daze,1988
Wu qiang qiang shou,1988
A Handful of Dust,1988
A Night in the Life of Jimmy Reardon,1988
Coming to America,1988
Tusks,1988
Lethal Woman,1988
Daddy's Boys,1988
Backstage,1988
Tucker: The Man and His Dream,1988
Drugi covek,1988
The Love Child,1988
Willow,1988
Alien from L.A.,1988
Hell Comes to Frogtown,1988
Olympus Force: The Key,1988
The Zero Option,1988
Salome's Last Dance,1988
Frantic,1988
Arthur 2: On the Rocks,1988
Beetlejuice,1988
I'm Gonna Git You Sucka,1988
Haunted Summer,1988
Evil Angels,1988
After School,1988
Who Framed Roger Rabbit,1988
Mauri,1988
Bird,1988
The Laser Man,1988
Buster,1988
Short Circuit 2,1988
A Summer Story,1988
Working Girl,1988
She's Having a Baby,1988
The First Kangaroos,1988
The Frog Prince,1988
Russicum - I giorni del diavolo,1988
Alien Nation,1988
La notte degli squali,1988
Young Guns,1988
Rikky and Pete,1988
Dirty Rotten Scoundrels,1988
The Good Mother,1988
Tommy Tricker and the Stamp Traveller,1988
The Dead Pool,1988
Dark Mission: Flowers of Evil,1988
Invasion Earth: The Aliens Are Here,1988
Satisfaction,1988
Honor Bound,1988
High Spirits,1988
Memories of Me,1988
Hawks,1988
Rented Lips,1988
Resurrected,1989
Escape from Safehaven,1989
The 'Burbs,1989
Tank Malling,1989
The Return of the Musketeers,1989
Walter & Carlo i Amerika,1989
Ghostbusters II,1989
Sea of Love,1989
Fat Man and Little Boy,1989
La chute des aigles,1989
Farewell to the King,1989
When Harry Met Sally...,1989
Batman,1989
The Tall Guy,1989
Rising Storm,1989
Candy Regentag,1989
How to Get Ahead in Advertising,1989
Gross Anatomy,1989
Field of Dreams,1989
The Rainbow,1989
Lords of the Deep,1989
"Manika, une vie plus tard",1989
Mack the Knife,1989
Forced March,1989
Indiana Jones and the Last Crusade,1989
Loverboy,1989
Venus Senki,1989
Best of the Best,1989
Doombeach,1989
She's Back,1989
Do the Right Thing,1989
Strapless,1989
Murder Story,1989
Dream a Little Dream,1989
Old Gringo,1989
Three Fugitives,1989
Midnight,1989
Diamond Skulls,1989
Slipstream,1989
Split,1989
Henry V,1989
Pissoir,1989
War Requiem,1989
Lean on Me,1989
A Dry White Season,1989
Next of Kin,1989
Heart of Dixie,1989
Hu guang,1989
Scandal,1989
L'avaro,1990
Strike It Rich,1990
Genuine Risk,1990
Paper Mask,1990
Una vita scellerata,1990
The Krays,1990
Total Recall,1990
Another 48 Hrs.,1990
Mountains of the Moon,1990
Neurotic Cabaret,1990
Mo' Better Blues,1990
Hidden Agenda,1990
The Bonfire of the Vanities,1990
Rocky V,1990
The Spirit of '76,1990
Club Fed,1990
My Blue Heaven,1990
A Kink in the Picasso,1990
Die Hard 2,1990
Awakenings,1990
Milou en mai,1990
Darkman,1990
The Big Man,1990
The Return of Superfly,1990
King of the Wind,1990
Almost an Angel,1990
The Last Island,1990
1871,1990
Memphis Belle,1990
The Russia House,1990
The Big Steal,1990
The Rainbow Thief,1990
The Hunt for Red October,1990
Secret Agent OO Soul,1990
Goodfellas,1990
King of New York,1990
Betsy's Wedding,1990
Camping,1990
Spaced Invaders,1990
Vital Signs,1990
Hollywood Hot Tubs 2: Educating Crystal,1990
Bullseye!,1990
A Shock to the System,1990
Presumed Innocent,1990
Wilt,1990
The Godfather: Part III,1990
Wendy Cracked a Walnut,1990
Hardware,1990
I Hired a Contract Killer,1990
Wild at Heart,1990
Hamlet,1990
The Fool,1990
The Shrimp on the Barbie,1990
Father,1990
The March,1990
Eminent Domain,1990
Sibling Rivalry,1990
Soapdish,1991
Company Business,1991
A Kiss Before Dying,1991
Bis ans Ende der Welt,1991
Uncaged,1991
The Commitments,1991
Under Suspicion,1991
Edge of Honor,1991
Zandalee,1991
Adventures in Dinosaur City,1991
Hear My Song,1991
Dead Again,1991
Il colore dei suoi occhi,1991
How's Business,1991
Beltenebros,1991
Flirting,1991
Holidays on the River Yarra,1991
Europa,1991
Return to the Blue Lagoon,1991
Switch,1991
Johnny Suede,1991
Sweet Talker,1991
Omohide poro poro,1991
Convicts,1991
Regarding Henry,1991
Oxen,1991
The Last Boy Scout,1991
Kabuto,1991
Hook,1991
Impromptu,1991
Born to Ride,1991
Let Him Have It,1991
The Object of Beauty,1991
Scorchers,1991
Point Break,1991
Rambling Rose,1991
Bill & Ted's Bogus Journey,1991
The Doors,1991
True Identity,1991
Prime Target,1991
Jumpin' at the Boneyard,1991
Jungle Fever,1991
Driving Me Crazy,1991
Robin Hood: Prince of Thieves,1991
Drop Dead Fred,1991
Guyver,1991
White Light,1991
Strictly Business,1991
Ernest Scared Stupid,1991
An American Tail: Fievel Goes West,1991
Fires Within,1991
King Ralph,1991
Delirious,1991
Kafka,1991
The Dark Backward,1991
The Pope Must Die,1991
Street Wars,1992
Ramayana: The Legend of Prince Rama,1992
Sneakers,1992
Giant Steps,1992
Cool World,1992
Batman Returns,1992
The Public Eye,1992
Miss Beatty's Children,1992
Mom and Dad Save the World,1992
Ruby Cairo,1992
Leap of Faith,1992
Husbands and Wives,1992
Blue Ice,1992
Freddie as F.R.O.7.,1992
Waterland,1992
Jackpot,1992
Back in the U.S.S.R.,1992
Center of the Web,1992
A River Runs Through It,1992
Inside Monkey Zetterland,1992
Malcolm X,1992
Chaplin,1992
The Muppet Christmas Carol,1992
Bad Lieutenant,1992
Year of the Comet,1992
Shining Through,1992
The Crying Game,1992
Turtle Beach,1992
City of Joy,1992
The Berlin Conspiracy,1992
Fathers & Sons,1992
Spies Inc.,1992
My Grandpa Is a Vampire,1992
Aladdin,1992
White Sands,1992
South Central,1992
Den goda viljan,1992
This Is My Life,1992
Patriot Games,1992
Wind,1992
Dotkniecie reki,1992
Carry on Columbus,1992
Juice,1992
As You Like It,1992
The Power of One,1992
Resistance,1992
Kurenai no buta,1992
Schindler's List,1993
Hammers Over the Anvil,1993
Amos & Andrew,1993
Midnight Witness,1993
Jurassic Park,1993
Little Buddha,1993
True Romance,1993
Loaded Weapon 1,1993
The Hour of the Pig,1993
Ethan Frome,1993
In the Name of the Father,1993
Menace II Society,1993
Gross Misconduct,1993
The Real McCoy,1993
The Remains of the Day,1993
Robin Hood: Men in Tights,1993
Fatal Instinct,1993
A Perfect World,1993
Snake Eyes,1993
A Far Off Place,1993
The Heartbreak Kid,1993
The Nostradamus Kid,1993
The Nightmare Before Christmas,1993
Sommersby,1993
Hercules Returns,1993
Piccolo grande amore,1993
Dreamrider,1993
The Secret Rapture,1993
The Sandlot,1993
Super Mario Bros.,1993
The Innocent,1993
Dong fang san xia,1993
The Cement Garden,1993
The Frontline,1993
Where the Rivers Flow North,1993
L.A. Goddess,1993
Excessive Force,1993
The Meteor Man,1993
Flynn,1993
Addams Family Values,1993
Swing Kids,1993
Street Knight,1993
Quick,1993
Extreme Justice,1993
Son of the Pink Panther,1993
For the Moment,1993
Zero Patience,1993
Genghis Cohn,1993
Naked in New York,1993
Splitting Heirs,1993
Undercover Blues,1993
Freaked,1993
Wayne's World 2,1993
The Thief and the Cobbler,1993
Frauds,1993
The Fugitive,1993
The Custodian,1993
The Trial,1993
Mrs. Doubtfire,1993
Much Ado About Nothing,1993
Time Runner,1993
U.F.O.,1993
Grief,1993
Batman: Mask of the Phantasm,1993
Golden Gate,1993
Felony,1994
Pulp Fiction,1994
The Crow,1994
Exile,1994
Police Academy: Mission to Moscow,1994
Time Is Money,1994
Bullet Down Under,1994
To Die For,1994
Talk,1994
Dead Funny,1994
Jimmy Hollywood,1994
Dead Beat,1994
The Cowboy Way,1994
A Feast at Midnight,1994
Hand Gun,1994
Getting Even with Dad,1994
The Lion King,1994
Naked Gun 33 1/3: The Final Insult,1994
Silk Degrees,1994
"That Eye, the Sky",1994
Fresh,1994
The High Crusade,1994
Chasing the Deer,1994
Dallas Doll,1994
Drop Squad,1994
Stanley's Dragon,1994
Gino,1994
Hail Caesar,1994
The Raffle,1994
Rapa Nui,1994
The Search for One-eye Jimmy,1994
The New Age,1994
La chance,1994
Don't Get Me Started,1994
The Sum of Us,1994
Shallow Grave,1994
Prince of Jutland,1994
The Shawshank Redemption,1994
Being Human,1994
Ebbtide,1994
A Man You Don't Meet Every Day,1994
Il silenzio dei prosciutti,1994
Die unendliche Geschichte III: Rettung aus Phantasien,1994
Blankman,1994
Widows' Peak,1994
Clear and Present Danger,1994
Heisei tanuki gassen ponpoko,1994
Four Weddings and a Funeral,1994
"The Adventures of Priscilla, Queen of the Desert",1994
Once Were Warriors,1994
Beverly Hills Cop III,1994
Nell,1994
Redheads,1994
White Angel,1994
Concealed Weapon,1994
Black Beauty,1994
Nobody's Fool,1994
Captives,1994
Staggered,1994
Clean Slate,1994
No Escape,1994
Money Train,1995
Cutthroat Island,1995
The Immortals,1995
Judge Dredd,1995
Voices,1995
Clockers,1995
Jefferson in Paris,1995
GoldenEye,1995
A Boy Called Hate,1995
The Wacky Adventures of Dr. Boris and Nurse Shirley,1995
Balto,1995
Clockwork Mice,1995
Delta of Venus,1995
Wild Bill,1995
In the Bleak Midwinter,1995
Toy Story,1995
Phoenix,1995
First Knight,1995
Tunnel Vision,1995
Innocent Lies,1995
Mortal Kombat,1995
"Cry, the Beloved Country",1995
30:e november,1995
Born to Be Wild,1995
Major Payne,1995
Sense and Sensibility,1995
Street Law,1995
Der Flug des Albatros,1995
Welcome to the Dollhouse,1995
Pictures of Baby Jane Doe,1995
Richard III,1995
Shu dan long wei,1995
Nixon,1995
Braveheart,1995
Sabrina,1995
Nothing Personal,1995
A Goofy Movie,1995
Friday,1995
Ace Ventura: When Nature Calls,1995
The Last Word,1995
Twelve Monkeys,1995
My Family,1995
What My Mother Told Me,1995
A Kid in King Arthur's Court,1995
Restoration,1995
Things to Do in Denver When You're Dead,1995
The Near Room,1995
Feast of July,1995
Funny Bones,1995
Blue Juice,1995
Rob Roy,1995
Screamers,1995
Under the Hula Moon,1995
Wish Me Luck,1995
Losing Isaiah,1995
The Fantasticks,1995
Die Hard with a Vengeance,1995
The Call Up,1995
Angel Baby,1995
Kiss of Death,1995
Gospa,1995
Heat,1995
French Kiss,1995
Fluke,1995
Savage Play,1995
Girl in the Cadillac,1995
Glory Daze,1995
Loch Ness,1996
Space Truckers,1996
Evita,1996
Snakes and Ladders,1996
Space Jam,1996
The Bruce,1996
The Secret Agent,1996
Idiot Box,1996
Some Mother's Son,1996
A Time to Kill,1996
True Blue,1996
The Elevator,1996
Bound,1996
All Dogs Go to Heaven 2,1996
Citizen Ruth,1996
Surviving Picasso,1996
Jie tou sha shou,1996
Mission: Impossible,1996
A Family Thing,1996
City Hall,1996
Hamlet,1996
Stella Does Tricks,1996
Bastard Out of Carolina,1996
Cheyenne,1996
Muppet Treasure Island,1996
Race the Sun,1996
Emma,1996
The Pallbearer,1996
Saint-Ex,1996
The Trigger Effect,1996
Jerusalem,1996
Galgameth,1996
The English Patient,1996
Good Luck,1996
The Wind in the Willows,1996
Broken English,1996
Brassed Off,1996
Chicken,1996
The Pillow Book,1996
101 Dalmatians,1996
Trainspotting,1996
A Midsummer Night's Dream,1996
The Last of the High Kings,1996
Barb Wire,1996
Jack Brown Genius,1996
Little White Lies,1996
Jude,1996
Broken Arrow,1996
Jingle All the Way,1996
Girl 6,1996
Michael Collins,1996
The Leading Man,1996
Everyone Says I Love You,1996
Before and After,1996
The Great White Hype,1996
The Stupids,1996
The Long Kiss Goodnight,1996
Dating the Enemy,1996
Last Dance,1996
Lust and Revenge,1996
Beautiful Girls,1996
Moving Target,1996
Mars Attacks!,1996
Hard Men,1996
Lilian's Story,1996
Mulholland Falls,1996
Acri,1996
E=mc2,1996
Illtown,1996
Hak hap,1996
Sydney,1996
The Phantom,1996
The Hunchback of Notre Dame,1996
Hamsun,1996
Unhook the Stars,1996
Whipping Boy,1996
Mr. Reliable,1996
Trees Lounge,1996
Mask of Death,1996
Eat Your Heart Out,1997
The Devil's Own,1997
House of America,1997
"This World, Then the Fireworks",1997
Murder in Mind,1997
Sparkle and Charm,1997
Clancy's Kitchen,1997
Obsession,1997
Fever Pitch,1997
Titanic,1997
Conceiving Ada,1997
Epsilon,1997
Dinner and Driving,1997
Hercules,1997
Fierce Creatures,1997
Lesser Prophets,1997
Spice World,1997
Midnight in the Garden of Good and Evil,1997
Red Corner,1997
Mrs Brown,1997
Amy (II),1997
Air Force One,1997
The Lost World: Jurassic Park,1997
Men in Black,1997
The Wings of the Dove,1997
The Saint,1997
Amistad,1997
Wilde,1997
The Man Who Knew Too Little,1997
The Jackal,1997
Love Walked In,1997
Cannes Man,1997
Incognito,1997
FairyTale: A True Story,1997
Excess Baggage,1997
Macbeth,1997
Steel Sharks,1997
The Boxer,1997
Mrs Dalloway,1997
Paradise Road,1997
Diana & Me,1997
Kull the Conqueror,1997
The Gambler,1997
Bliss,1997
Welcome to Woop Woop,1997
Die furchtlosen Vier,1997
Mononoke-hime,1997
Bad Day on the Block,1997
That Darn Cat,1997
Laserhawk,1997
Mousehunt,1997
Heaven's Burning,1997
Prince Valiant,1997
Doing Time for Patsy Cline,1997
Eve's Bayou,1997
Alien X Factor,1997
Preaching to the Perverted,1997
Yapian zhanzheng,1997
One Night Stand,1997
The Serpent's Kiss,1997
Speed 2: Cruise Control,1997
Gang Related,1997
The Borrowers,1997
Farmer & Chase,1997
Keep the Aspidistra Flying,1997
Tomorrow Never Dies,1997
Twin Town,1997
Brittle Glory,1997
The First to Go,1997
Austin Powers: International Man of Mystery,1997
A Life Less Ordinary,1997
Mojo,1997
Picture Perfect,1997
Loop,1997
Xiao Qian,1997
Mortal Kombat: Annihilation,1997
Cats Don't Dance,1997
Saaz,1997
Career Girls,1997
Blackrock,1997
Die Story von Monty Spinnerratz,1997
One Eight Seven,1997
Jackie Brown,1997
Sliding Doors,1998
Dangerous Beauty,1998
Sour Grapes,1998
Divorcing Jack,1998
Painted Angels,1998
Inquietude,1998
Bedrooms and Hallways,1998
Sweet Jane,1998
Stiff Upper Lips,1998
A Very Unlucky Leprechaun,1998
Monk Dawson,1998
When Love Comes,1998
Possums,1998
What Rats Won't Do,1998
Titanic Town,1998
Sibirskiy tsiryulnik,1998
The Governess,1998
Le violon rouge,1998
Mulan,1998
Hamilton,1998
Blues Brothers 2000,1998
Somewhere in the City,1998
Lost in Space,1998
Prem Aggan,1998
Girls' Night,1998
Out of Sight,1998
What Dreams May Come,1998
La leggenda del pianista sull'oceano,1998
Up 'n' Under,1998
Six Days Seven Nights,1998
Saving Private Ryan,1998
The Big Night Out,1998
L.A. Without a Map,1998
Jinnah,1998
Babe: Pig in the City,1998
Mob Queen,1998
Rush Hour,1998
The Thin Red Line,1998
A Bug's Life,1998
Still Crazy,1998
The Negotiator,1998
Erasable You,1998
Strike!,1998
Woo,1998
No Code of Conduct,1998
Shadow Run,1998
Love Is the Devil: Study for a Portrait of Francis Bacon,1998
With Friends Like These...,1998
Welcome to Hollywood,1998
BASEketball,1998
Velvet Goldmine,1998
Hurrah,1998
The Adventures of Ragtime,1998
Praise,1998
Croupier,1998
At Sachem Farm,1998
Among Giants,1998
Theeviravaathi: The Terrorist,1998
Primary Colors,1998
Pariah,1998
Mighty Joe Young,1998
Jane Austen's Mafia!,1998
Dead Letter Office,1998
Dark City,1998
Dance Me to My Song,1998
Sista kontraktet,1998
"Martha - Meet Frank, Daniel and Laurence",1998
"Lock, Stock and Two Smoking Barrels",1998
Little Voice,1998
Stargames,1998
Elizabeth,1998
The Tale of Sweety Barrett,1998
Kiss the Sky,1998
Lithivm,1998
Free Enterprise,1998
Louis & Frank,1998
Something to Believe In,1998
The First 9 1/2 Weeks,1998
Middleton's Changeling,1998
Senseless,1998
Parting Shots,1998
RPM,1998
Resurrection Man,1998
The X Files,1998
Hilary and Jackie,1998
I Want You,1998
Tube Tales,1999
Virtual Sexuality,1999
Man of the Century,1999
Free Fall,1999
The Matrix,1999
The Limey,1999
Random Hearts,1999
The Mummy,1999
Dogwatch,1999
The Cat in the Hat: The Ride,1999
The Missing,1999
Toy Story 2,1999
Notting Hill,1999
Erskineville Kings,1999
Mauvaise passe,1999
Elephant Juice,1999
Change of Heart,1999
The Trench,1999
Muppets from Space,1999
Guest House Paradiso,1999
Eye of the Beholder,1999
Love & Rage,1999
G:MT Greenwich Mean Time,1999
The Adventures of Elmo in Grouchland,1999
The Omega Code,1999
Galaxy Quest,1999
Play It to the Bone,1999
Operation Delta Force 4: Deep Fault,1999
Angela's Ashes,1999
Double Carpet,1999
An Ideal Husband,1999
Making Ends Meet,1999
Mansfield Park,1999
Foolish,1999
Life Among the Cannibals,1999
The End of the Affair,1999
The New Adventures of Pinocchio,1999
The White Pony,1999
Wing Commander,1999
Entrapment,1999
The Dream Catcher,1999
Onegin,1999
Walking Across Egypt,1999
To Walk with Lions,1999
Wild Wild West,1999
Feeling Sexy,1999
A Fare to Remember,1999
Rogue Trader,1999
The Virgin Suicides,1999
Mad Cows,1999
Matters of Consequence,1999
Captain Jack,1999
Gunfighter,1999
Julie and the Cadillacs,1999
Hold Back the Night,1999
What Becomes of the Broken Hearted?,1999
Bowfinger,1999
All the Way,1999
Don't Go Breaking My Heart,1999
Row Your Boat,1999
A Midsummer Night's Dream,1999
I'll Make You Happy,1999
Joan of Arc,1999
Anywhere But Here,1999
Two Hands,1999
Passion,1999
October Sky,1999
This Year's Love,1999
On the Q.T.,1999
Paperback Hero,1999
Holy Smoke,1999
The Deep End of the Ocean,1999
The Muse,1999
Undercover Angel,1999
Tarzan,1999
Eyes Wide Shut,1999
Inspector Gadget,1999
Man on the Moon,1999
Deep Blue Sea,1999
The Annihilation of Fish,1999
The Contract,1999
The World Is Not Enough,1999
The King and I,1999
Topsy-Turvy,1999
Anna and the King,1999
Dudley Do-Right,1999
She's All That,1999
My Brother the Pig,1999
The Corruptor,1999
Strange Planet,1999
Snow Falling on Cedars,1999
The Debt Collector,1999
King Lear,1999
Split Wide Open,1999
Unbreakable,2000
The Independent,2000
Rhythm & Blues,2000
Sample People,2000
Ivansxtc,2000
I Dreamed of Africa,2000
Wild About Harry,2000
Bootmen,2000
Gladiator,2000
Risk,2000
My Mother Frank,2000
The Girls' Room,2000
Price of Glory,2000
Looking for Alibrandi,2000
Dr. T & the Women,2000
Shaft,2000
Kevin & Perry Go Large,2000
Rancid Aluminium,2000
Lisa Picard Is Famous,2000
Secret Society,2000
Intrepid,2000
The Visit,2000
Saving Grace,2000
Married 2 Malcolm,2000
The Most Fertile Man in Ireland,2000
Sabotage!,2000
Hotel Splendide,2000
It Was an Accident,2000
Sensitive New Age Killer,2000
Red Planet,2000
Better Than Sex,2000
Some Voices,2000
Il cielo cade,2000
Beautiful Creatures,2000
Vatel,2000
The Million Dollar Hotel,2000
Muggers,2000
Shiner,2000
The Miracle Maker,2000
Rugrats in Paris: The Movie - Rugrats II,2000
Whispers: An Elephant's Tale,2000
28 Days,2000
Savage Honeymoon,2000
The Legend of Bagger Vance,2000
Nora,2000
Mr. Accident,2000
Gun Shy,2000
Gossip (II),2000
How the Grinch Stole Christmas,2000
Tick Tock,2000
U-571,2000
Rat uzivo,2000
Sorted,2000
The Goddess of 1967,2000
Daybreak (II),2000
One of the Hollywood Ten,2000
The Monkey's Mask,2000
Meet the Parents,2000
Charlie's Angels,2000
Enemies Closer,2000
Mission: Impossible II,2000
Titan A.E.,2000
Sinbad: Beyond the Veil of Mists,2000
Chocolat,2000
The Jolly Boys' Last Stand,2000
The Ladies Man,2000
New Year's Day,2000
Vertical Limit,2000
The Family Man,2000
Pandaemonium,2000
The Mumbo Jumbo,2000
Maze,2000
X-Men,2000
Keeping the Faith,2000
Honest,2000
Proof of Life,2000
Five Seconds to Spare,2000
Rules of Engagement,2000
"6,000 Miles from Hollywood",2000
Gangster No. 1,2000
"Me, Myself & Irene",2000
The Magic Pudding,2000
Where the Heart Is,2000
Anna,2000
Late Night Shopping,2001
Lucky Break,2001
Town & Country,2001
The Musketeer,2001
Intacto,2001
The Last Minute,2001
The Fourth Angel,2001
The Lord of the Rings: The Fellowship of the Ring,2001
Redemption Road,2001
Jimmy Neutron: Boy Genius,2001
Rain (III),2001
Spy Game,2001
The Trumpet of the Swan,2001
Planet of the Apes,2001
Finder's Fee,2001
Moulin Rouge!,2001
Akasha,2001
Novocaine,2001
Black Hawk Down,2001
The Medicine Show,2001
Jurassic Park III,2001
Just Visiting,2001
I Am Sam,2001
Focus,2001
Recess: School's Out,2001
The Mummy Returns,2001
Daddy and Them,2001
Heartbreakers,2001
Gosford Park,2001
Another Life,2001
Bodywork,2001
Me Without You,2001
Harry Potter and the Sorcerer's Stone,2001
CQ,2001
Lara Croft: Tomb Raider,2001
Iris,2001
Crooked Earth,2001
Artificial Intelligence: AI,2001
Sen to Chihiro no kamikakushi,2001
Mockingbird Don't Sing,2001
Taking Sides,2001
The Theory of the Leisure Class,2001
WillFull,2001
The Fluffer,2001
Blow Dry,2001
Bridget Jones's Diary,2001
The 51st State,2001
Tabloid,2001
Revelation,2001
The Affair of the Necklace,2001
Higher Ed,2001
Yolngu Boy,2001
Rock Star,2001
Life as a House,2001
Blasphemy the Movie,2001
High Heels and Low Lifes,2001
Lantana,2001
Mike Bassett: England Manager,2001
Jay and Silent Bob Strike Back,2001
Original Sin,2001
Good Neighbor,2001
Madison,2001
Vanilla Sky,2001
Mean Machine,2001
My Best Friend's Wife,2001
Mullet,2001
Critical Mass,2001
Crash Point Zero,2001
Very Heavy Love,2001
Good Advice,2001
All the Queen's Men,2001
The Hole,2001
Soul Assassin,2001
Last Run,2001
Kate & Leopold,2001
"Thank You, Good Night",2001
Ma femme est une actrice,2001
Siu Lam juk kau,2001
Enemy at the Gates,2001
"Monsters, Inc.",2001
How High,2001
The Caveman's Valentine,2001
Kattbreven,2001
Enigma,2001
Atlantis: The Lost Empire,2001
Wet Hot American Summer,2001
The Mystic Masseur,2001
To End All Wars,2001
Zoolander,2001
The Parole Officer,2001
Hus i helvete,2002
Making a Killing,2002
Super Sucker,2002
The Lord of the Rings: The Two Towers,2002
The Final Curtain,2002
Red Dragon,2002
Teesh and Trude,2002
Minority Report,2002
Return to Never Land,2002
The Escapist,2002
The Last Place on Earth,2002
Thunderpants,2002
Gangs of New York,2002
The Reckoning (II),2002
About a Boy,2002
13 Moons,2002
A Midsummer Night's Rave,2002
Ballistic: Ecks vs. Sever,2002
Chicago,2002
24 Hour Party People,2002
Pure,2002
Before You Go,2002
A Life More Ordinary,2002
Bloody Sunday,2002
No Good Deed,2002
Treasure Planet,2002
Die Another Day,2002
Garage Days,2002
All About the Benjamins,2002
Something About AJ,2002
K-19: The Widowmaker,2002
High Crimes,2002
The Country Bears,2002
Face,2002
Hollywood Ending,2002
Undercover Brother,2002
Amen.,2002
Ali G Indahouse,2002
The Wild Thornberrys Movie,2002
The Hard Word,2002
Vaya con Dios,2002
Crime and Punishment,2002
Possession,2002
The Rose Technique,2002
Men in Black II,2002
Redemption,2002
9 Dead Gay Guys,2002
The Third Wheel,2002
Crackerjack,2002
Full Frontal,2002
The Honeytrap,2002
I Am Dina,2002
Determination of Death,2002
Dirty Pretty Things,2002
Anita & Me,2002
Heartlands,2002
xXx,2002
Fubar,2002
City of Ghosts,2002
The Powerpuff Girls Movie,2002
Whale Rider,2002
Storm Watch,2002
Bend It Like Beckham,2002
Changing Lanes,2002
The Maori Merchant of Venice,2002
All or Nothing,2002
The Book of Eve,2002
The Circle,2002
Klassfesten,2002
Harry Potter and the Chamber of Secrets,2002
Austin Powers in Goldmember,2002
Showtime,2002
Lilo & Stitch,2002
Al's Lads,2002
Two Men Went to War,2002
Villa des roses,2002
Hart's War,2002
Road to Perdition,2002
Reeseville,2003
Brother Bear,2003
Calendar Girls,2003
Danny Deckchair,2003
Ancient Warriors,2003
Out of Bounds,2003
Elysium,2003
Prey for Rock & Roll,2003
Wonderland,2003
Paris,2003
Taxi 3,2003
Maintenance by Any Means,2003
Conspiracy of Silence,2003
Pirates of the Caribbean: The Curse of the Black Pearl,2003
S.W.A.T.,2003
Fat Pizza,2003
Chromiumblue.com,2003
Skagerrak,2003
Bright Young Things,2003
Charlie's Angels: Full Throttle,2003
The Extreme Team,2003
Finding Nemo,2003
Boudica,2003
The Rage in Placid Lake,2003
Cheeky,2003
Shattered Glass,2003
Today Will Be Yesterday Tomorrow,2003
I'll Be There,2003
Rugrats Go Wild,2003
The Legend of Johnny Lingo,2003
Tiptoes,2003
Dickie Roberts: Former Child Star,2003
The Night We Called It a Day,2003
The Ride (II),2003
Johnny English,2003
Love Actually,2003
The Hebrew Hammer,2003
Scary Movie 3,2003
Young Adam,2003
Vacuums,2003
Timeline,2003
Bad Santa,2003
The Matrix Revolutions,2003
Peter Pan,2003
Take Away,2003
Gentleman B.,2003
I Capture the Castle,2003
Pledge of Allegiance,2003
Basic,2003
The Matrix Reloaded,2003
Lara Croft Tomb Raider: The Cradle of Life,2003
Nemesis Game,2003
Detaljer,2003
16 Years of Alcohol,2003
Nudity Required,2003
The Blind Spot,2003
The War of the Starfighters,2003
The Lord of the Rings: The Return of the King,2003
The Trade,2003
Cold Mountain,2003
Under the Tuscan Sun,2003
Kangaroo Jack,2003
AfterLife,2003
What a Girl Wants,2003
American Splendor,2003
Ned,2003
The Visual Bible: The Gospel of John,2003
Hollywood Homicide,2003
Down with Love,2003
Big Fish,2003
Sin ton ni Sonia,2003
My Boss's Daughter,2003
Malibu's Most Wanted,2003
El misterio del Trinidad,2003
Kaptein Sabeltann,2003
Looney Tunes: Back in Action,2003
Mona Lisa Smile,2003
Dame tu cuerpo,2003
Ned Kelly,2003
The Mother,2003
In the Cut,2003
Sylvia,2003
The Phantom of the Opera,2004
A Man's Gotta Do,2004
She Hate Me,2004
Sky Captain and the World of Tomorrow,2004
Closer,2004
My Baby's Daddy,2004
Team America: World Police,2004
Love on the Side,2004
Overkill,2004
"Number One, Longing. Number Two, Regret",2004
Dear Frankie,2004
Garden State,2004
Alfie,2004
Hidalgo,2004
The Assassination of Richard Nixon,2004
The SpongeBob SquarePants Movie,2004
Dag och natt,2004
Layer Cake,2004
One Perfect Day,2004
Flamingo Blues,2004
Vanity Fair,2004
Stateside,2004
Mongolpiparen,2004
Dreams for Life,2004
Teacher's Pet,2004
Rapid Fear,2004
13 Going on 30,2004
Being Julia,2004
We Don't Live Here Anymore,2004
The Rocket Post,2004
Surviving Eden,2004
The Queen of Sheba's Pearls,2004
The Bourne Supremacy,2004
Niceland (Population. 1.000.002),2004
Scooby-Doo 2: Monsters Unleashed,2004
The Calcium Kid,2004
Pear ta ma 'on maf,2004
Spin the Bottle,2004
Harry Potter and the Prisoner of Azkaban,2004
Rancid,2004
Wimbledon,2004
Tooth,2004
It's All Gone Pete Tong,2004
Back by Midnight,2004
Wicker Park,2004
The Baby Juice Express,2004
Innocence,2004
Bridget Jones: The Edge of Reason,2004
Big Kiss,2004
"7 mujeres, 1 homosexual y Carlos",2004
Vera Drake,2004
Bandido,2004
Cyber Wars,2004
Ray,2004
Enduring Love,2004
Alexander,2004
448 BC: Olympiad of Ancient Hellas,2004
De-Lovely,2004
Oyster Farmer,2004
The Crop,2004
Kinsey,2004
Charlie,2004
Twisted,2004
Hotet,2004
The Purifiers,2004
Along Came Polly,2004
Starsky & Hutch,2004
Bobby Jones: Stroke of Genius,2004
Les fils du vent,2004
Blueberry,2004
Chasing Liberty,2004
The Beautiful Country,2004
Stratosphere Girl,2004
Bad Meat,2004
Kill Bill: Vol. 2,2004
Control,2004
Sex Lives of the Potato Men,2004
Suzie Gold,2004
King Arthur,2004
The Incredibles,2004
The Polar Express,2004
Wolf Tracer's Dinosaur Island,2004
Connie and Carla,2004
Strange Bedfellows,2004
Beyond the Sea,2004
The Ladykillers,2004
Strings,2004
Country of My Skull,2004
Troy,2004
Brokeback Mountain,2005
Heidi,2005
Hoodwinked!,2005
Mee-Shee: The Water Giant,2005
Geppetto's Secret,2005
V for Vendetta,2005
Mrs Henderson Presents,2005
Quality Indigo,2005
A Year and a Day,2005
"The Prize Winner of Defiance, Ohio",2005
Mirrormask,2005
Lenny the Wonder Dog,2005
Edmond,2005
Charlie and the Chocolate Factory,2005
Little Fish,2005
Unleashed,2005
The Mistress of Spices,2005
War of the Worlds,2005
The Squid and the Whale,2005
The Californians,2005
Instant Dads,2005
How You Look to Me,2005
All In,2005
My Big Fat Independent Movie,2005
River Queen,2005
Batman Begins,2005
Free Zone,2005
Undiscovered,2005
Keep Your Distance,2005
Domino One,2005
Cerebral Print: The Secret Files,2005
Harry Potter and the Goblet of Fire,2005
Happy Endings,2005
Freezerburn,2005
Hooligans,2005
Imagine Me & You,2005
Corpse Bride,2005
Wah-Wah,2005
Tara Road,2005
These Girls,2005
Repetition (II),2005
The Recommendations,2005
The Man,2005
Lords of Dogtown,2005
Oliver Twist,2005
It Could Be You,2005
The Jacket,2005
Kinky Boots,2005
Munich,2005
Stealth,2005
Revolver,2005
The Best Man,2005
Miss Congeniality 2: Armed and Fabulous,2005
Dead Fish,2005
Robots,2005
Elektra,2005
Nanny McPhee,2005
Constellation,2005
The Great Raid,2005
The Tenants,2005
Kingdom of Heaven,2005
Valiant,2005
Stoned,2005
The Island,2005
Governmentia,2005
Stay,2005
Asylum,2005
Puritan,2005
Coach Carter,2005
The Hitchhiker's Guide to the Galaxy,2005
xXx: State of the Union,2005
These Foolish Things,2005
Frozen,2005
GamerZ,2005
Separate Lies,2005
Ripley Under Ground,2005
King Kong,2005
Breakfast on Pluto,2005
Domino,2005
The L.A. Riot Spectacular,2005
Southern Belles,2005
Dear Wendy,2005
Hot Wheels Acceleracers the Ultimate Race,2005
The Unseen,2005
Drabet,2005
The Last Hangman,2005
The Adventures of Greyfriars Bobby,2005
Netaji Subhas Chandra Bose: The Forgotten Hero,2005
Thru the Moebius Strip,2005
Doxa,2005
Duane Hopwood,2005
Pizza,2005
Chromophobia,2005
Mun mot mun,2005
Colour Me Kubrick: A True...ish Story,2005
Pride & Prejudice,2005
"The Chronicles of Narnia: The Lion, the Witch and the Wardrobe",2005
Just Like Heaven,2005
Dot.Kill,2005
EZ Money,2005
Marilyn Hotchkiss' Ballroom Dancing & Charm School,2005
Zathura: A Space Adventure,2005
Man of the Year,2006
The Iron Man,2006
Lonely Hearts,2006
Middletown,2006
The Nativity Story,2006
Smokin' Aces,2006
Scary Movie 4,2006
Superman Returns,2006
Varannan vecka,2006
Happy Feet,2006
Black Snake Moan,2006
The Horrible Flowers,2006
Seraphim Falls,2006
Barnyard,2006
The Half Life of Timofey Berezin,2006
Heroes and Villains,2006
Notes on a Scandal,2006
The Ant Bully,2006
Elsewhere,2006
Clerks II,2006
TV: The Movie,2006
Gedo senki,2006
Happily N'Ever After,2006
300,2006
Open Season,2006
Almost Heaven,2006
The Dead Girl,2006
Eragon,2006
Children of Men,2006
Caterpillar Wish,2006
Basic Instinct 2,2006
Curious George,2006
Charlotte's Web,2006
Alien Autopsy,2006
Scoop,2006
Starter for 10,2006
The Gigolos,2006
The Wild,2006
The Painted Veil,2006
Cineme' Fabrique No. 1,2006
The Last Drop,2006
Full Grown Men,2006
In a Day,2006
Studs,2006
Casino Royale,2006
Southland Tales,2006
Garfield: A Tail of Two Kitties,2006
Flyboys,2006
Tristan + Isolde,2006
Open Window,2006
Man About Town,2006
Marie Antoinette,2006
Date Movie,2006
Day of Wrath,2006
Red Road,2006
Invincible,2006
The Fast and the Furious: Tokyo Drift,2006
Footy Legends,2006
Renaissance,2006
Aquamarine,2006
9/11: The Twin Towers,2006
Saigon Love Story,2006
The Prestige,2006
L'inchiesta,2006
The Black Dahlia,2006
Stormbreaker,2006
The Illusionist,2006
Scenes of a Sexual Nature,2006
The Benchwarmers,2006
Inland Empire,2006
Miss Potter,2006
Irresistible,2006
The Darwin Awards,2006
Mission: Impossible III,2006
Click,2006
The Saxon Chronicles,2006
Farce of the Penguins,2006
Freedomland,2006
Babel,2006
Robotech: The Shadow Chronicles,2006
Infamous,2006
Big Nothing,2006
Home of the Brave,2006
Sex & Sushi,2006
Flushed Away,2006
Zwartboek,2006
Macbeth,2006
Live Free or Die,2006
Zoom,2006
Goya's Ghosts,2006
Slipp Jimmy fri,2006
As You Like It,2006
Half Empty,2006
Potheads: The Movie,2006
Cyxork 7,2006
Cars,2006
Something New,2006
The Good German,2006
The Work and the Glory III: A House Divided,2006
The Dork of the Rings,2006
X-Men: The Last Stand,2006
Firewall,2006
Factory Girl,2006
The Shaggy Dog,2006
Inside Man,2006
Pirates of the Caribbean: Dead Man's Chest,2006
Snakes on a Plane,2006
Solo,2006
Open Mic'rs,2006
The West Wittering Affair,2006
Fade to Black,2006
Darklovestory,2006
Outsourced,2006
East Broadway,2006
Sixty Six,2006
The Conclave,2006
Elias og kongeskipet,2007
Jetsam,2007
Reign Over Me,2007
Finding Rin Tin Tin,2007
Silk,2007
September Dawn,2007
The Walker,2007
Shanghai Kiss,2007
The Jane Austen Book Club,2007
"Romulus, My Father",2007
Shoot on Sight,2007
Midsummer Madness,2007
Atonement,2007
Trust Me,2007
The Mini,2007
Straightheads,2007
Hard Four,2007
Year of the Fish,2007
Dangerous Parking,2007
December Boys,2007
Rush Hour 3,2007
Cleaner,2007
Magicians,2007
The Money Shot,2007
Oh Happy Day,2007
Gangster,2007
Sydney White,2007
Shanghai Baby,2007
Too Much Too Young,2007
Alice Upside Down,2007
The Good Night,2007
National Treasure: Book of Secrets,2007
Bad Blood,2007
The Condemned,2007
The Jammed,2007
Living & Dying,2007
Crossing Bridges,2007
Mosquita muerta,2007
The Invasion,2007
Epic Movie,2007
Underground,2007
The Waiting Room,2007
A Mighty Heart,2007
The Last Legion,2007
Lezioni di cioccolato,2007
Resurrecting the Champ,2007
The Baker,2007
Extraordinary Rendition,2007
Cassandra's Dream,2007
Le scaphandre et le papillon,2007
Awake,2007
The Gene Generation,2007
Sugarhouse,2007
Run Fatboy Run,2007
Flawless,2007
Lady Godiva: Back in the Saddle,2007
Just Buried,2007
Cougar Club,2007
Irina Palm,2007
I'm Not There.,2007
Shooter,2007
Moola,2007
Back in Business,2007
Year of the Dog,2007
Loins of Punjab Presents,2007
Emotional Arithmetic,2007
My Blueberry Nights,2007
Elizabeth: The Golden Age,2007
Pirates of the Caribbean: At World's End,2007
Death Defying Acts,2007
The Time Surgeon,2007
Il nascondiglio,2007
Shrek the Third,2007
Chapter 27,2007
The Life Before Her Eyes,2007
'77,2007
Stardust,2007
Virgin Territory,2007
Mr. Magorium's Wonder Emporium,2007
The Golden Compass,2007
Uncle P,2007
Dolphins,2007
Monsters of the Id,2007
Beowulf,2007
Hot Fuzz,2007
Hannibal Rising,2007
Who's Your Caddy?,2007
Enchanted,2007
Flood,2007
Ratatouille,2007
Charlie,2007
What We Do Is Secret,2007
The Mark of Cain,2007
The Bourne Ultimatum,2007
Good Luck with That,2007
Fred Claus,2007
St. Trinian's,2007
Sunshine,2007
Harry Potter and the Order of the Phoenix,2007
Terra,2007
Music and Lyrics,2007
The Darjeeling Limited,2007
Body Armour,2007
Staar: She'd Rather Be a Mistress,2007
A Father's Worth,2007
TMNT,2007
Quantum of Solace,2008
The Tender Hook,2008
Wild Child,2008
Australia,2008
Madagascar: Escape 2 Africa,2008
The Chronicles of Narnia: Prince Caspian,2008
Nim's Island,2008
Summer,2008
Freezer Burn: The Invasion of Laxdale,2008
The Edge of Love,2008
A Beautiful Life,2008
Who Is KK Downey?,2008
Largo,2008
Body of Lies,2008
What Happens in Vegas,2008
Gake no ue no Ponyo,2008
Transsiberian,2008
Blessed,2008
The Other Man,2008
Taken,2008
Bedtime Stories,2008
Che: Part One,2008
Somers Town,2008
The Plex,2008
The Black Balloon,2008
Love Me Still,2008
The Incredible Hulk,2008
Iron Man,2008
Lakeview Terrace,2008
Gnomes & Trolls: The Secret Chamber,2008
Mock Up on Mu,2008
Caught in the Act,2008
Meet the Browns,2008
The Women,2008
The Hustle,2008
Battle Planet,2008
The Express,2008
Soul Men,2008
Dim Sum Funeral,2008
Easy Virtue,2008
Will to Power,2008
Disaster Movie,2008
Yesterday Was a Lie,2008
Agent One-Half,2008
Meet Dave,2008
The Dark Knight,2008
The Spirit,2008
Broken Lines,2008
The Poker House,2008
Faintheart,2008
Valkyrie,2008
The Run,2008
Me and Orson Welles,2008
Dummy,2008
Redbelt,2008
Wanted,2008
Yes Man,2008
The Oxford Murders,2008
The Wrestler,2008
Leatherheads,2008
How to Lose Friends & Alienate People,2008
The Other Boleyn Girl,2008
Flashbacks of a Fool,2008
Chameleon,2008
Ocean of Pearls,2008
Un homme et son chien,2008
Agent Crush,2008
8th Wonderland,2008
Miss Pettigrew Lives for a Day,2008
Happy-Go-Lucky,2008
Crooked Business,2008
RocknRolla,2008
Finding Red Cloud,2008
Hey Hey It's Esther Blueburger,2008
Is Anybody There?,2008
$9.99,2008
The Village Barbershop,2008
Ladies Night Out,2008
Abraham's Point,2008
Fool's Gold,2008
The Square,2008
Punisher: War Zone,2008
Ten Empty,2008
Jumper,2008
Defiance,2008
Toxic,2008
Mamma Mia!,2008
Quality Time,2008
Deception,2008
Indiana Jones and the Kingdom of the Crystal Skull,2008
Get Smart,2008
The Duchess,2008
David & Fatima,2008
Incendiary,2008
Mutant Chronicles,2008
Inkheart,2008
Gospel Hill,2008
Delgo,2008
The Man Who Came Back,2008
Bitter & Twisted,2008
"Welcome Home, Roscoe Jenkins",2008
Tales of the Riverbank,2008
The Love Guru,2008
Last Chance Harvey,2008
Deep in the Valley,2009
Ambleton Delight,2009
The Princess and the Frog,2009
Bright Star,2009
No Footing,2009
The Damned United,2009
Peacock Season,2009
Curious George 2: Follow That Monkey!,2009
From Time to Time,2009
A Mime's Life,2009
National Theatre Live: All's Well That Ends Well,2009
Oscar et la dame rose,2009
Dorian Gray,2009
White Lightnin',2009
Angel Wishes: Journey of a Spiritual Healer,2009
Crossing Over,2009
Mad Sad & Bad,2009
Ved verdens ende,2009
Kenny Begins,2009
Red Alert: The War Within,2009
Triage,2009
St Trinian's 2: The Legend of Fritton's Gold,2009
The Mandalorian Legacy,2009
Astro Boy,2009
G-Force,2009
Solomon Kane,2009
W.M.D.,2009
A Dog Year,2009
Tenderness,2009
Jack and the Beanstalk,2009
Boogie Woogie,2009
Fantastic Mr. Fox,2009
The Clan,2009
Subdivision,2009
Sherlock Holmes,2009
The Trotsky,2009
The Perfect Age of Rock 'n' Roll,2009
Imps*,2009
Perrier's Bounty,2009
I Hate Valentine's Day,2009
Wasted,2009
Malice in Wonderland,2009
A Time for the Heart,2009
Burlesque Fairytales,2009
Glorious 39,2009
Ninja,2009
Happy Ever Afters,2009
The Boat That Rocked,2009
Desert Flower,2009
Dragonball Evolution,2009
Mashup Movie,2009
An Education,2009
Planet 51,2009
Bay rong,2009
Oral Fixation,2009
City Rats,2009
Amelia,2009
The Imaginarium of Doctor Parnassus,2009
Dogging: A Love Story,2009
Bitch Slap,2009
Frozen Kiss,2009
The Scouting Book for Boys,2009
Inglourious Basterds,2009
Act of God (II),2009
La Mission,2009
Jack Said,2009
G.I. Joe: The Rise of Cobra,2009
Oggi sposi,2009
Knowing,2009
Lucky Country,2009
Grip,2009
Race to Witch Mountain,2009
K,2009
All About Steve,2009
Brianna,2009
Det enda rationella,2009
In the Loop,2009
9,2009
Espion(s),2009
Ice Age: Dawn of the Dinosaurs,2009
Valhalla Rising,2009
Merantau,2009
Five Minutes of Heaven,2009
Chloe,2009
Mao's Last Dancer,2009
Shark City,2009
Holy Water,2009
Rage,2009
Prinsessa,2009
I Love You Phillip Morris,2009
X-Men Origins: Wolverine,2009
Veronika Decides to Die,2009
Nowhere Boy,2009
Angels & Demons,2009
Cedar Boys,2009
Miss Kicki,2009
Transformers: Revenge of the Fallen,2009
The Men Who Stare at Goats,2009
In Her Skin,2009
The Be All and End All,2009
Star Trek,2009
Couples Retreat,2009
Separation City,2009
Gentlemen Broncos,2009
Mr. Right,2009
Fanboys,2009
Mother and Child,2009
The Young Victoria,2009
Agora,2009
Love and Other Impossible Pursuits,2009
Crank: High Voltage,2009
Up,2009
Adam,2009
Harry Potter and the Half-Blood Prince,2009
Princess Ka'iulani,2009
Brothers,2009
The Waiting City,2009
Photo Shoot,2009
Balibo,2009
Morris: A Life with Bells On,2009
The Vintner's Luck,2009
The Mail Man,2009
El Traspatio,2009
Elemental Storage,2009
Repo Chick,2009
Shutter Island,2010
Griff the Invisible,2010
My Bloody Wedding,2010
The Big I Am,2010
Robin Hood,2010
Tamara Drewe,2010
Sus,2010
Hereafter,2010
Furry Vengeance,2010
Made in Dagenham,2010
Little Fockers,2010
Forget Me Not,2010
Barry Munday,2010
Tracker,2010
"Tomorrow, When the War Began",2010
Shanghai,2010
South Solitary,2010
Gulliver's Travels,2010
Donkeys,2010
Toy Story 3,2010
The Debt,2010
What If...,2010
Bashment,2010
The Shouting Men,2010
Four Lions,2010
Harvey Putter and the Ridiculous Premise,2010
Secretariat,2010
Black Swan,2010
Quantum Quest: A Cassini Space Odyssey,2010
Summer Coda,2010
Batman Untold,2010
Tangled,2010
The Kindness of Strangers,2010
Prince of Persia: The Sands of Time,2010
Extraordinary Measures,2010
Steampunk,2010
Clash of the Titans,2010
Submarine,2010
Fit,2010
Words of the Blitz,2010
Harry Potter and the Deathly Hallows: Part 1,2010
Bonded by Blood,2010
The Drawn Together Movie: The Movie!,2010
Hesher,2010
Morning Glory,2010
Alpha and Omega,2010
Open Season 3,2010
I'm Still Here,2010
Jhootha Hi Sahi,2010
When London Sleeps It Came Alive,2010
Animal Kingdom,2010
Valerie,2010
Consinsual,2010
I Love You Too,2010
The Tree,2010
Innocent,2010
Lovelorn,2010
The Heavy,2010
Iron Man 2,2010
Pai mai chun tian,2010
Petty Cash,2010
Sharm el Sheikh - Un'estate indimenticabile,2010
127 Hours,2010
You Will Meet a Tall Dark Stranger,2010
Fubar II,2010
The Other Guys,2010
Peepers,2010
StreetDance 3D,2010
Pimp,2010
Centurion,2010
Red Hill,2010
The Confidant,2010
Sensation,2010
The Legend of Silk Boy,2010
Beginners,2010
Konferenz der Tiere,2010
Vampires Suck,2010
Caught Inside,2010
Magic Man,2010
Burke and Hare,2010
Huge,2010
Last Night,2010
L'estate di Martino,2010
The Warrior's Way,2010
The A-Team,2010
Cemetery Junction,2010
Get Him to the Greek,2010
The Chronicles of Narnia: The Voyage of the Dawn Treader,2010
The Lazarus Papers,2010
Howl,2010
Killer Bitch,2010
The Next Three Days,2010
Womb,2010
Meet Monica Velour,2010
Legend of the Guardians: The Owls of Ga'Hoole,2010
True Grit,2010
Locked Down,2010
Love Ranch,2010
Living Will...,2010
Brighton Rock,2010
The Secret Philosophy,2010
The Last Airbender,2010
Sex & Drugs & Rock & Roll,2010
Jackboots on Whitehall,2010
Nanny McPhee and the Big Bang,2010
The Whistleblower,2010
The King of Fighters,2010
Strangers Lovers Killers,2010
Five Day Shelter,2010
Norman Wisdom: His Story,2010
Alice in Wonderland,2010
London Boulevard,2010
Dragonetti the Ruthless Contract Killer,2010
Never Let Me Go,2010
The Best and the Brightest,2010
Everything Must Go,2010
Mission London,2010
Luke and Joe Get Lost,2010
Beware the Gonzo,2010
Magic,2010
The Kid,2010
Sesame Street: C is for Cookie Monster,2010
The Ghost Writer,2010
Chatroom,2010
The Big Idea (II),2010
Kill Speed,2010
Unthinkable,2010
Takers,2010
Marty's Project,2010
Re-Evolution,2011
Rio,2011
Next Door to the Velinsky's,2011
Superman: Requiem,2011
Love's Kitchen,2011
The Grey,2011
Chronicles of Humanity: Descent,2011
Real Steel,2011
LEGO Hero Factory: Savage Planet,2011
J. Edgar,2011
Bridesmaids,2011
Largo Winch II,2011
No Strings Attached,2011
Extremely Loud & Incredibly Close,2011
Paul,2011
Zero (II),2011
The Inbetweeners Movie,2011
Frankie in Blunderland,2011
The Resident,2011
The Muppets,2011
X: First Class,2011
Bad Actress,2011
Big Fat Gypsy Gangster,2011
Frank & Jerry,2011
Blaxican Brothers,2011
Will,2011
Ra.One,2011
War Horse,2011
Mission: Impossible - Ghost Protocol,2011
Swinging with the Finkels,2011
The Lamp,2011
Qin Mi Di Ren,2011
Jack Falls,2011
Season of the Witch,2011
Patiala House,2011
Melancholia,2011
X,2011
Untouchable,2011
This Is Not a Movie,2011
Oakie's Outback Adventures,2011
360,2011
Ghosted,2011
Song of King Solomon,2011
The Smurfs,2011
Red Dog,2011
Unknown,2011
Rango,2011
The Legend of Awesomest Maximus,2011
10 Years,2011
Arthur Christmas,2011
Haywire,2011
Katinkas kalas,2011
Clear Skies 3,2011
Hideaways,2011
The Green,2011
Death of a Superhero,2011
Captain America: The First Avenger,2011
The Girl with the Dragon Tattoo,2011
The Adjustment Bureau,2011
Albatross,2011
The Best Exotic Marigold Hotel,2011
Serbuan maut,2011
Pacemaker,2011
Salmon Fishing in the Yemen,2011
Threading Needles,2011
One Day,2011
Pearls of the Far East,2011
Love Birds,2011
Jane Eyre,2011
Absolute Killers,2011
Johnny English Reborn,2011
My Week with Marilyn,2011
The Veteran,2011
Rise of the Planet of the Apes,2011
Killing Bono,2011
Thor,2011
A Dangerous Method,2011
Powder,2011
Anonymous,2011
Taiheiyou no kiseki: Fokkusu to yobareta otoko,2011
Hunky Dory,2011
Cowboys & Aliens,2011
Dream House,2011
The Lady,2011
Perfect Sense,2011
The Adventures of Tintin,2011
Poolboy: Drowning Out the Fury,2011
Hugo,2011
33 Postcards,2011
A Little Bit of Heaven,2011
Sherlock Holmes: A Game of Shadows,2011
Lezioni di cioccolato 2,2011
Codgers,2011
Land Gold Women,2011
Femmine contro maschi,2011
Your Highness,2011
Kong Curling,2011
Western Confidential,2011
The Bad Penny,2011
My Angel,2011
Pirates of the Caribbean: On Stranger Tides,2011
The Decoy Bride,2011
Vegas Cinefest,2011
Don gato y su pandilla,2011
Weekender,2011
KickOff,2011
Blitz,2011
Super 8,2011
Warrior,2011
Happy Feet Two,2011
Sucker Punch,2011
Kung Fu Panda 2,2011
Just Go with It,2011
Colombiana,2011
Attack the Block,2011
Momo e no tegami,2011
Tribe,2011
Late Bloomers,2011
The Deep Blue Sea,2011
Mercenaries,2011
On the Ropes,2011
Wild Bill,2011
Drive,2011
Junkhearts,2011
Albert Nobbs,2011
Love Eterne,2011
Contagion,2011
Testing Life,2011
Cars 2,2011
W.E.,2011
There Be Dragons,2011
The Iron Lady,2011
Harry Potter and the Deathly Hallows: Part 2,2011
Hitmen,2011
Darth Joseph and His Most Impressive Technicolour Dreamcoat,2011
Ektopos,2011
The Power of Three,2011
David Is Dying,2011
"National Theatre Live: One Man, Two Guvnors",2011
Kung Fu Window Cleaner,2011
Green Lantern,2011
Anuvahood,2011
Total Recall,2012
The Pirates! In an Adventure with Scientists!,2012
Deadfall,2012
Implementation,2012
Dark Tide,2012
Le capital,2012
FDR: American Badass!,2012
"I, Anna",2012
A Green Story,2012
Chasing the Bear,2012
Attack of the 50 Foot Cheerleader,2012
Tower Block,2012
Broken (IV),2012
Anna Karenina,2012
Confession of a Child of the Century,2012
What You Will,2012
Dredd,2012
Hopeless Virgins in Love,2012
Heart String Marionette,2012
10Terrorists,2012
The Place Beyond the Pines,2012
Hamilton: I nationens intresse,2012
Cloud Atlas,2012
Call Girl,2012
Spike Island,2012
Iron Sky,2012
This Bitter Earth,2012
Zero Dark Thirty,2012
Shadow Dancer,2012
Skyfall,2012
The Baytown Outlaws,2012
Erased,2012
Now Is Good,2012
Twenty8k,2012
The Sweeney,2012
The Vanisher,2012
Saltwater,2012
Pause (II),2012
Celebrity Sex Tape,2012
John Carter,2012
Won't Back Down,2012
Avarice (II),2012
Gambit,2012
My Brother the Devil,2012
The Bourne Legacy,2012
A Fantastic Fear of Everything,2012
Cocktail,2012
After Death,2012
Fast Girls,2012
Revenge for Jolly!,2012
The Man Inside,2012
Ryder Country,2012
Outside Bet,2012
After the Triumph of Your Birth,2012
Delhi Safari,2012
Meningen med Hugo,2012
Piggy,2012
The Hobbit: An Unexpected Journey,2012
St George's Day,2012
The Domino Effect,2012
For Greater Glory: The True Story of Cristiada,2012
Road to Ninja: Naruto the Movie,2012
Dead Europe,2012
Tezz,2012
Sushi Girl,2012
Las aventuras de Tadeo Jones,2012
Stars in Shorts,2012
Seeking a Friend for the End of the World,2012
Shell,2012
The Odd Life of Timothy Green,2012
Nativity 2: Danger in the Manger!,2012
Wish You Were Here,2012
Wrath of the Titans,2012
Different Perspectives,2012
Back to the Sea,2012
The Avengers,2012
Silver Linings Playbook,2012
Men in Black 3,2012
Meeting Evil,2012
Offender,2012
The Hooligan Wars,2012
"Guns, Girls and Gambling",2012
All in Good Time,2012
Prometheus,2012
Strawberry Fields,2012
Kenneth,2012
The Dark Knight Rises,2012
Chick Magnets,2012
The Samaritan,2012
Lo imposible,2012
Santa's Dog,2012
Song for Marion,2012
Acts of Godfrey,2012
Django Unchained,2012
Battleship,2012
The Outback,2012
The Liability,2012
Five Hours South,2012
Gayby,2012
Frances Ha,2012
Cheerful Weather for the Wedding,2012
Secret of the Wings,2012
Bert & Dickie,2012
Taken 2,2012
Love Tomorrow,2012
Ginger & Rosa,2012
Podaa Podi,2012
Stud Life,2012
Birth of a Warrior,2012
Dino Time,2012
The Wedding Video,2012
Comes a Bright Day,2012
Jab Tak Hai Jaan,2012
Great Expectations,2012
The Scapegoat,2012
Bel Ami,2012
Tortoise in Love,2012
Snow White and the Huntsman,2012
The Master,2012
Brave,2012
Hyde Park on Hudson,2012
Lincoln,2012
Not Waving But Drowning,2012
Cleanskin,2012
LOL,2012
Slim Destruction,2012
Lightning in a Bottle,2012
Foodfight!,2012
War of the Worlds: Goliath,2012
Zambezia,2012
Hard Shoulder,2012
The Unbroken,2012
Red Tails,2012
Branded,2012
Ice Age: Continental Drift,2012
Private Peaceful,2012
Wreck-It Ralph,2012
The Woodcarver,2012
August: Osage County,2013
Gone Dark,2013
Speed Dragon,2013
The Film-Maker's Son,2013
All Things to All Men,2013
The Wolverine,2013
We Are the Freaks,2013
Sunshine on Leith,2013
Are You Here,2013
The Harry Hill Movie,2013
The Look of Love,2013
The Wee Man,2013
W.M.D.,2013
Old Boy,2013
White Collar Hooligan 2: England Away,2013
Felony,2013
The Railway Man,2013
The Machine,2013
Third Contact,2013
American Girls,2013
The Callback Queen,2013
The F Word,2013
Virtually Heroes,2013
Metegol,2013
Everyone's Going to Die,2013
G.I. Joe: Retaliation,2013
Half of a Yellow Sun,2013
In the Name of God,2013
Tracks,2013
I Give It a Year,2013
Monsters University,2013
Inside Llewyn Davis,2013
The Zero Theorem,2013
Planes,2013
Miami 13,2013
Traveller,2013
Hammer of the Gods,2013
Mt. Zion,2013
In Secret,2013
The Internship,2013
Liars All,2013
Jake Squared,2013
Still Life,2013
La migliore offerta,2013
Furious 6,2013
Diana,2013
All Stars,2013
Jeff Wayne's Musical Version of the War of the Worlds Alive on Stage! The New Generation,2013
Kung Fu and Titties,2013
Ashens and the Quest for the Gamechild,2013
Hollows Wood 3D,2013
Riddick,2013
Lua Phat,2013
The Smurfs 2,2013
Acquainted,2013
12 Years a Slave,2013
Pawn,2013
Mirrorvael,2013
Bluebird,2013
The Girl from Nagasaki,2013
Aleksandr's Price,2013
Pulp,2013
Love Freely But Pay for Sex,2013
Essex Boys Retribution,2013
Yamla Pagla Deewana 2,2013
Ender's Game,2013
Love and Honor,2013
Anchorman 2: The Legend Continues,2013
42,2013
Gone Too Far,2013
Green Street 3: Never Back Down,2013
Walking with the Enemy,2013
Night Train to Lisbon,2013
The Hobbit: The Desolation of Smaug,2013
Gimme Shelter,2013
Frozen,2013
About Time,2013
Made in Belfast,2013
Summer in February,2013
Closed Circuit,2013
Ham & the Piper,2013
Dom Hemingway,2013
Harrigan,2013
Licks,2013
Constant Angel,2013
Around the Block,2013
Blinder,2013
The Devil's Plantation,2013
Epic,2013
Machete Kills,2013
It's a Lot,2013
Locke,2013
Man of Tai Chi,2013
Last Passenger,2013
Le Week-End,2013
RED 2,2013
Not Another Happy Ending,2013
Trance,2013
For Those in Peril,2013
uwantme2killhim?,2013
Khumba,2013
Scrapper,2013
Paranoia,2013
The Congress,2013
Hello Carter,2013
The Wolf of Wall Street,2013
Night Traveler,2013
Eternity,2013
Oz the Great and Powerful,2013
The Magnificent Eleven,2013
All Is Bright,2013
The Food Guide to Love,2013
Hummingbird,2013
Scar Tissue,2013
Age of Dinosaurs,2013
Mystery Road,2013
A Rose on Ninth Street,2013
Filth,2013
Vendetta,2013
Flores Raras,2013
Jack the Giant Slayer,2013
Dead Man Down,2013
Goin Ape,2013
Dead Cat,2013
How I Live Now,2013
47 Ronin,2013
The Secret Life of Walter Mitty,2013
Begin Again (II),2013
Chez Upshaw,2013
Big Ass Spider!,2013
I'm Still Here,2013
The Great Gatsby,2013
White T,2013
Chronicles of Humanity: Uprising,2013
The Love Punch,2013
It's Dark Here,2013
Thor: The Dark World,2013
Blue Jasmine,2013
Third Person,2013
Captain Phillips,2013
The Double,2013
One Chance,2013
Stoker,2013
Philomena,2013
Ten,2013
Rush,2013
Legends of Oz: Dorothy's Return,2013
The Counselor,2013
Jack the Giant Killer,2013
Turbo,2013
The Lovers,2013
The Art of the Steal,2013
The World's End,2013
X-Men: Days of Future Past,2014
The Final Haunting,2014
He Who Dares: Downing Street Siege,2014
Marriage,2014
Blackout (II),2014
Adult Beginners,2014
Annie,2014
London Scally,2014
The Hooligan Factory,2014
Predestination,2014
Neighbors,2014
The Imitation Game,2014
A Long Way Down,2014
Where I Belong (III),2014
He Who Dares,2014
RoboCop,2014
A Most Violent Year,2014
Godzilla,2014
The Angriest Man in Brooklyn,2014
Shooting for Socrates,2014
The Fault in Our Stars,2014
The Crucible,2014
The Hobbit: The Battle of the Five Armies,2014
When the Game Stands Tall,2014
I Am Cursed,2014
Wild,2014
Foxcatcher,2014
Driving Miss Daisy,2014
Maps to the Stars,2014
The Ninth Cloud,2014
Postman Pat: The Movie,2014
The Theory of Everything,2014
Snezhnaya koroleva 2. Perezamorozka,2014
The Boxtrolls,2014
The Lawful Truth,2014
Take It Back and Start All Over,2014
X+Y,2014
One Square Mile,2014
Into the Storm,2014
"Nativity 3: Dude, Where's My Donkey?!",2014
Monsters: Dark Continent,2014
National Theatre Live: Medea,2014
The Last Survivors,2014
The Dead Lands,2014
The Two Faces of January,2014
Big Game,2014
Captain America: The Winter Soldier,2014
A Tiger's Tail,2014
Guardians of the Galaxy,2014
The Key (V),2014
Kite,2014
The Monuments Men,2014
Kingsman: The Secret Service,2014
Reasonable Doubt,2014
Laggies,2014
Reya,2014
Copenhagen,2014
99 Homes,2014
What We Did on Our Holiday,2014
Let's Kill Ward's Wife,2014
Real Heroes,2014
Desert Dancer,2014
Jack Ryan: Shadow Recruit,2014
Unbroken,2014
Barefoot,2014
Top Dog,2014
Non-Stop,2014
Kajaki,2014
National Theatre Live: Coriolanus,2014
Edge of Tomorrow,2014
Seven Lucky Gods,2014
Frank (II),2014
Ex Machina,2014
Calvary,2014
Blood Lines,2014
Get Santa,2014
Hercules,2014
Before I Go to Sleep,2014
From Leicester to Hollywood,2014
In the Blood,2014
Operation Rogue,2014
Plastic,2014
Phantom Halo,2014
The Maze Runner,2014
Paddington,2014
Son of a Gun,2014
Muppets Most Wanted,2014
Walking on Sunshine,2014
Secret Sharer,2014
Into the Woods,2014
Maleficent,2014
Rapid Response Corps 2: Nuclear Threat,2014
Mantervention,2014
Grace of Monaco,2014
Hyena,2014
Mythica: A Quest for Heroes,2014
Z-Listers,2014
Jungle Shuffle,2014
The LEGO Movie,2014
The Marvel Experience,2014
Blood Cells,2014
Dying of the Light,2014
Serena,2014
B33f,2014
Mr. Turner,2014
Cuban Fury,2014
The Smoke,2014
Effie Gray,2014
Gemma Bovery,2014
The Expendables 3,2014
Such Good People,2014
Two Very Long Days,2014
While We're Young,2014
Fury,2014
Ping Pong Summer,2014
This Is Where I Leave You,2014
American Heist,2014
Testament of Youth,2014
Pride,2014
Second Coming,2014
Royal Shakespeare Company: Henry IV Part II,2014
Breaking the Bank,2014
Noah,2014
Sin City: A Dame to Kill For,2014
Honeytrap,2014
The Amazing Spider-Man 2,2014
The Equalizer,2014
"Looters, Tooters and Sawn-Off Shooters",2014
Turkey Shoot,2014
The Guvnors,2014
The Letters (II),2014
Outcast,2014
The Prophet,2014
The Nut Job,2014
Reach Me,2014
Jinn,2014
Taken 3,2014
Birdman or (The Unexpected Virtue of Ignorance),2014
Chronicles of Humanity: Renegades,2014
'71,2014
Tillbaka till Bromma,2014
Night at the Museum: Secret of the Tomb,2014
Planes: Fire & Rescue,2014
Big Eyes,2014
A Million Ways to Die in the West,2014
Imperial Dreams,2014
Hungry Hearts,2014
Montana,2014
Santa Con,2014
Set Fire to the Stars,2014
Mrs. Brown's Boys D'Movie,2014
The Riot Club,2014
Hector and the Search for Happiness,2014
Pudsey the Dog: The Movie,2014
Nirbashito,2014
Humshakals,2014
Kill Me Three Times,2014
The Raid 2: Berandal,2014
Odd Brodsky,2014
Jailhouse Dog,2014
Still (II),2014
1 - Nenokkadine,2014
Inherent Vice,2014
A Walk Among the Tombstones,2014
Dawn of the Planet of the Apes,2014
Hackney's Finest,2014
Exodus: Gods and Kings,2014
Gentlemen,2014
6 Ways to Die,2015
Gangster,2015
Barely Lethal,2015
Christmas Eve,2015
Robo-Dog,2015
The Gift (VI),2015
Nadie quiere la noche,2015
Last Word (II),2015
Terms & Conditions,2015
ABCs of Superheroes,2015
Rise of the Footsoldier Part II,2015
Pitza e datteri,2015
The SpongeBob Movie: Sponge Out of Water,2015
The Antwerp Dolls,2015
Man Up,2015
The Danish Girl,2015
The Age of Adaline,2015
Cinderella,2015
The Last Witch Hunter,2015
Entourage,2015
Valladesam,2015
My Lonely Me,2015
Black Mass,2015
Jane Got a Gun,2015
Life,2015
Boned,2015
Mad Max: Fury Road,2015
London Road,2015
Macbeth,2015
Samurai Cop 2: Deadly Vengeance,2015
90 Minutes in Heaven,2015
Ruben Guthrie,2015
Strange Magic,2015
The Lost Dragon,2015
The Week,2015
Woman in Gold,2015
Newcomer,2015
Walter,2015
Molly Moon and the Incredible Book of Hypnotism,2015
Inside Out,2015
Kill Your Friends,2015
Mindplant: Trimorphia,2015
The Man from U.N.C.L.E.,2015
Minions,2015
The Lady in the Van,2015
Swung,2015
The Gunman,2015
Remainder,2015
Truth,2015
Mortdecai,2015
Drown,2015
Dragonfly,2015
Chi-Raq,2015
Last Days in the Desert,2015
Miles Ahead,2015
Comic 8: Casino Kings - Part 1,2015
The Second Best Exotic Marigold Hotel,2015
UFO gakuen no himitsu,2015
Hell and Back,2015
The Saver,2015
Dough,2015
Exodus to Shanghai,2015
Urban & the Shed Crew,2015
In the Heart of the Sea,2015
The Hateful Eight,2015
Anti-Social,2015
Bilal: A New Breed of Hero,2015
The Bad Education Movie,2015
Spy,2015
Back to the Jurassic,2015
Chung seung wan siu,2015
Xi you ji zhi da sheng gui lai,2015
National Theatre Live: A View from the Bridge,2015
Scottish Mussel,2015
Burnt,2015
Gamba: Ganba to nakamatachi,2015
Far from the Madding Crowd,2015
The Great Gilly Hopkins,2015
Holding the Man,2015
2025,2015
Everest,2015
The Paragon Gate,2015
The Throbbit,2015
Sacred Blood,2015
Man in the Mirror,2015
Furious Seven,2015
Spectre,2015
The Hunger Games: Mockingjay - Part 2,2015
Maze Runner: The Scorch Trials,2015
Mission: Impossible - Rogue Nation,2015
Legend,2015
Angels in Notting Hill,2015
The Good Dinosaur,2015
Knight of Cups,2015
Hard Tide,2015
The Revenant,2015
The Man in 3B,2015
Brooklyn,2015
The Incident,2015
Underdog Kids,2015
Straight Outta Compton,2015
Strings,2015
Mr. Holmes,2015
Tomorrowland,2015
Dusha shpiona,2015
Manny Lewis,2015
Dawn (VI),2015
Pan,2015
Legacy (III),2015
Skin Traffik,2015
Avengers: Age of Ultron,2015
Absolutely Anything,2015
Hooligans at War: North vs. South,2015
The Heyday of the Insensitive Bastards,2015
Tattooed Love,2015
Winter,2015
Kicking Off,2015
Angel (VI),2015
51 Degrees North,2015
Bridge of Spies,2015
The Honourable Rebel,2015
"3: Alif, Lam, Mim",2015
Det vita folket,2015
Bill,2015
The Meddler,2015
SkakMat,2015
The Messenger,2015
Suffragette,2015
Survivor,2015
Sisterhood of the Red Garter,2015
Run All Night,2015
The Program (II),2015
10 Grams,2015
Queen of Carthage,2015
Who Killed Nelson Nutmeg?,2015
Giving Up The Ghost,2015
Russell Madness,2015
Terminator Genisys,2015
Ted 2,2015
Call to Arms: Oracle,2015
Jupiter Ascending,2015
A Royal Night Out,2015
Couple in a Hole,2015
A Tale of Love and Darkness,2015
Madea's Tough Love,2015
Mojave,2015
Miss You Already,2015
Set the Thames on Fire,2015
Chronicles of Humanity: Redemption,2015
Is This the Real World,2015
Jurassic World,2015
Sing,2016
Gladiator Wars,2016
Bad Santa 2,2016
The Legend of Tarzan,2016
For Grace,2016
Pericles by Shakespeare on the Road,2016
Set Me Free: Vol. II,2016
Essex Vendetta,2016
My Best Friend's Wedding,2016
Arrowhead,2016
Rogue One,2016
Finding Dory,2016
The Carer,2016
Headshot (II),2016
Transpecos,2016
The BFG,2016
Year by the Sea,2016
Snakes and Ladders,2016
Masaryk,2016
The Promise (II),2016
Allegiant,2016
The Huntsman: Winter's War,2016
Brain on Fire,2016
The Infiltrator,2016
Assassin's Creed,2016
Ratchet & Clank,2016
Monkey Up,2016
Moon Dogs,2016
The Hitchhiker's Guide to the Galaxy Radio Show Live,2016
Crow,2016
Trespass Against Us,2016
Laid in America,2016
True Crimes,2016
Torres Quevedo: Vol. 2,2016
Mindhorn,2016
Nocturne (IV),2016
Alice Through the Looking Glass,2016
Collateral Beauty,2016
Level Up,2016
Eddie the Eagle,2016
Ae Dil Hai Mushkil,2016
Everlasting,2016
In Circles (II),2016
Perfect Break,2016
Set Me Free: Vol. I,2016
Native,2016
Snezhnaya koroleva 3. Ogon i led,2016
Eliminators,2016
Star Gods of Terra,2016
Lord of Shanghai,2016
XOXO,2016
Kill Kane,2016
The Lost City of Z,2016
Ice Age: Collision Course,2016
The Brother,2016
Retribution (VI),2016
The Jungle Book,2016
Revolution: New Art for a New World,2016
Drone Wars,2016
A Street Cat Named Bob,2016
Back in the Day,2016
Burning Flame,2016
Gods of Egypt,2016
Royal Shakespeare Company: King Lear,2016
Royal Shakespeare Company: Hamlet,2016
Whiteblade,2016
Batman: The Killing Joke,2016
The Forbidden Note,2016
Grimsby,2016
Waterboys,2016
CHARACTERz,2016
American Pastoral,2016
Love You Krishna,2016
Iseng,2016
Deadly Game IV: Endgame,2016
Kids in Love,2016
Somnus,2016
Neighbors 2: Sorority Rising,2016
The Chamber,2016
Hacksaw Ridge,2016
Miss Peregrine's Home for Peculiar Children,2016
Better Criminal,2016
Call Me King,2016
Camelot,2016
Erasing Eden,2016
Comic 8: Casino Kings Part 2,2016
Certain Women,2016
Doctor Strange,2016
Denial (II),2016
Silence,2016
Jackie (V),2016
Paterson,2016
A United Kingdom,2016
The Contract,2016
Der traumhafte Weg,2016
Fantastic Beasts and Where to Find Them,2016
Shakespeare's Diaries,2016
A Monster Calls,2016
Brash Young Turks,2016
Tomorrow (II),2016
Batman v Superman: Dawn of Justice,2016
Toxic Apocalypse,2016
"Crouching Tiger, Hidden Dragon: Sword of Destiny",2016
War at Home,2016
Moana,2016
Mahana,2016
La corrispondenza,2016
Deadpool,2016
Fan,2016
Angry Birds,2016
13 Days,2016
Tam Cam: Chuyen Chua Ke,2016
Huldra: Lady of the Forest,2016
Housefull 3,2016
Kung Fu Panda 3,2016
100 Streets,2016
Allied,2016
Loving,2016
Bastille Day,2016
Rescue Dogs,2016
Jason Bourne,2016
Sleight,2016
Bridget Jones's Baby,2016
Bitcoin Heist,2016
Burn Your Maps,2016
Mob Handed,2016
The Founder,2016
The Light Between Oceans,2016
Now You See Me 2,2016
Other People,2016
USS Indianapolis: Men of Courage,2016
One Crazy Thing,2016
Les premiers les derniers,2016
Absolutely Fabulous: The Movie,2016
National Theatre Live: Les Liaisons Dangereuses,2016
Money Monster,2016
Simon,2016
Unreported,2016
Midnight Special,2016
The Head Hunter,2016
In-cheon sang-ryuk jak-jeon,2016
Fallen (II),2016
Planetarium,2016
Independence Day: Resurgence,2016
Maudie,2016
Red Dog: True Blue,2016
Teenage Kicks,2016
Breathe Easy,2016
Vengeance (III),2016
Genius,2016
Gangster Kittens,2016
The Congressman,2016
The Fall of the Krays,2016
Our Kind of Traitor,2016
X-Men: Apocalypse,2016
Florence Foster Jenkins,2016
Shilo,2016
The Receptionist (II),2016
Me Before You,2016
The Devil and the Deep Blue Sea,2016
Queen of Katwe,2016
London Has Fallen,2016
Criminal,2016
Mark Felt: The Man Who Brought Down the White House,2017
Blazing Samurai,2017
Howard Lovecraft & the Undersea Kingdom,2017
55 Steps,2017
We Still Steal the Old Way,2017
Aggregate,2017
Trafficked,2017
Le Accelerator,2017
Asomatous,2017
Bright,2017
T2 Trainspotting,2017
Damascus Cover,2017
The Death of Stalin,2017
Lost Diagnosis,2017
Song to Song,2017
Witch,2017
An Ordinary Man,2017
Darkest Hour,2017
Going in Style,2017
John Wick: Chapter 2,2017
Voice from the Stone,2017
A Walk,2017
Concealed (II),2017
In Another Life (II),2017
The Meyerowitz Stories (New and Selected),2017
London Fields,2017
Terminal,2017
Is This Now,2017
An American Dog Story,2017
Suburbicon,2017
Cars 3,2017
Melanie's Grave,2017
Beauty and the Beast,2017
Bitter Harvest,2017
Hampstead,2017
War for the Planet of the Apes,2017
Anamorphosis,2017
Cargo,2017
Co Ba Sai Gon,2017
The Sense of an Ending,2017
Cheap Tattoos,2017
Maximum Impact,2017
The Fate of the Furious,2017
The Little Conjuror,2017
Pirates of the Caribbean: Dead Men Tell No Tales,2017
Soul Goal,2017
Bloods Thicker Then Water,2017
Wilson,2017
The Hunting of the Snark,2017
Switch (II),2017
American Made,2017
The Hunter's Prayer,2017
Ali's Wedding,2017
JT Leroy,2017
Crash Pad,2017
Goodbye Christopher Robin,2017
The Square,2017
Porcelain Presence,2017
Dunkirk,2017
Triple Threat,2017
Roommates,2017
One Less God,2017
Gatwick Gangsters,2017
Kong: Skull Island,2017
Kingsman: The Golden Circle,2017
Revival!,2017
Charming,2017
Stranded Pearl,2017
Instant Death,2017
Smurfs: The Lost Village,2017
The Time War,2017
Australia Day,2017
King Arthur: Legend of the Sword,2017
Gifted,2017
Carnage: Swallowing the Past,2017
The LEGO Batman Movie,2017
First Kill,2017
Downsizing,2017
Amy and Sophia,2017
Top Knot Detective,2017
DJ,2017
Genesis (III),2017
Armoton maa,2017
Life of the Party,2017
Skinford,2017
The King's Daughter,2017
Out of the Shadows,2017
"I Love You, Daddy",2017
Film Stars Don't Die in Liverpool,2017
That's Not Me,2017
The Wheel,2017
The Current War,2017
DRIB,2017
Doctor Impostor,2017
The Clan MacLeod,2017
Dark Ascension,2017
Special Unit,2017
Burning Dog,2017
Warning Shot,2017
Final Score,2017
The Etruscan Smile,2017
Bees Make Honey,2017
Deep Shit,2017
Suttons Case,2017
The Circle,2017
Detroit,2017
Above Suspicion,2017
The Mummy,2017
The Blazing Cannons,2017
Thank You for Your Service,2017
Find Your Voice,2017
Despicable Me 3,2017
Drunk Parents,2017
Don't Tell,2017
Crossing Over,2017
Unicorn Store,2017
Pilgrimage (II),2017
Bunyan and Babe,2017
Macbeth,2017
Deep (II),2017
30 Nights,2017
The Foreigner,2017
B&B,2017
The Hippopotamus,2017
Tadeo Jones 2: El secreto del Rey Midas,2017
How to Talk to Girls at Parties,2017
Transformers: The Last Knight,2017
Finding Your Feet,2017
Crooked House,2017
War Machine,2017
Wonder Woman,2017
Tulip Fever,2017
Andover,2017
National Theatre Live: Angels in America Part Two - Perestroika,2017
The Mercy,2017
The Housemate,2017
6 Days,2017
The Mint,2017
Three Dots and a Dash,2017
The Hitman's Bodyguard,2017
Who We Are Now,2017
Logan Lucky,2017
National Theatre Live: Angels in America Part One - Millennium Approaches,2017
Brigsby Bear,2017
Kings,2017
"Do Something, Jake",2017
Rice on White,2017
xXx: Return of Xander Cage,2017
Viking Destiny,2017
Angie X,2017
Cuffs & Shield,2017
Haven's End,2017
Robo-Dog: Airborne,2017
Blade Runner 2049,2017
Animal Crackers,2017
Burning Sands,2017
Lockdown (II),2017
Wonderwell,2017
Tapwater Engine,2017
Desolation (II),2017
Supercon,2017
Unlocked,2017
The Nut Job 2: Nutty by Nature,2017
Newness,2017
The Emoji Movie,2017
Phantom Thread,2017
Stratton,2017
Murder on the Orient Express,2017
Justice League,2017
In Darkness,2017
The Northern King,2017
Sleepwalker (II),2017
Sand Castle,2017
Power Rangers,2017
Paddington 2,2017
Return to Montauk,2017
American Assassin,2017
Butterfly Kisses (II),2017
Borstal,2017
Dark River,2017
The Flood,2018
Christmas Down Under,2018
Mission: Impossible 6,2018
JUST DRIVE,2018
Run Hard,2018
Ready Player One,2018
Purge of Thrones,2018
Lighter,2018
Nasty Women,2018
Duck Duck Goose,2018
Indiana Jones and the Chronicle of Peace,2018
Jack Southeast,2018
The Trainer,2018
Hard Powder,2018
Fighting with My Family,2018
Point Man,2018
Peterloo,2018
Hello Au Revoir,2018
001LithiumX,2018
Cult-Movie,2018
The Wilderness Night,2018
Hot Air,2018
The Naughty Boys,2018
Robin Hood (II),2018
The Invited,2018
Mortal Engines,2018
Mary Poppins Returns,2018
Teen Spirit,2018
Vulassic Park,2018
Little Italy,2018
Perception,2018
Born a King,2018
Troll Hunters,2018
Beirut,2018
Anastasia,2018
Eve,2018
Good Things Come,2018
Colette,2018
Show Dogs,2018
Trial by Fire,2018
Tomb Raider,2018
Swimming with Men,2018
Dark Ascension II: The Journey to Hell,2018
"Juliet, Naked",2018
Swoon,2018
Banking on Mr. Toad,2018
The Half Dead,2018
The Darkest Minds,2018
Been So Long,2018
Chasing the Rain,2018
A New York Minute,2018
Rust Creek,2018
1st Born,2018
Maze Runner: The Death Cure,2018
Modern Love,2018
The Great Race,2018
Peter Rabbit,2018
Any Other Day: The Alex Kelvin Story,2018
The Tale,2018
Underwater,2018
Holmes and Watson,2018
The Commuter,2018
My Zoe,2018
Boy Erased,2018
Jungle Book,2018
Christopher Robin,2018
Black Panther,2018
Incredibles 2,2018
Billionaire Boys Club,2018
Beyond Dark,2018
Ladies in Black,2018
Tough as They Come,2018
The Second,2018
Ralph Breaks the Internet: Wreck-It Ralph 2,2018
The Man Who Killed Don Quixote,2018
Aquaman,2018
Ophelia,2018
The Guernsey Literary and Potato Peel Pie Society,2018
The Second Coming of Christ,2018
Tell No Tales,2018
Con Man,2018
Welcome to Curiosity,2018
Death Fall,2018
Walking to Paris,2018
Ant-Man and the Wasp,2018
The Last Full Measure,2018
Taipei,2018
Reapers Shadow,2018
The Nutcracker and the Four Realms,2018
Mary Queen of Scots,2018
The Aftermath,2018
"Exorcism at 60,000 Feet",2018
Hustle Down,2018
Red Sparrow,2018
Glass,2019
Captain Marvel,2019
The Lion King,2019
Escape from Paradise,2019
Bond 25,2019
Kingdom: Fall of Illandrieal,2019
Time,2019
Hummingbird,2019
Chaos Walking,2019
The Rhythm Section,2019
Godzilla: King of Monsters,2019
Untitled Indiana Jones Project,2020
The Loud House,2020
